text,sentiment
The shipment to Singapore weighs around 322 grams.,neutral
The shipment to Sydney weighs around 297 grams.,neutral
The shipment to Singapore weighs around 437 grams.,neutral
The product is available in grey and weighs 491 grams.,neutral
An brilliant flight with truly brilliant quality!,positive
A shoddy product with extremely shoddy quality!,negative
The shipment to London weighs around 390 grams.,neutral
The meal produces incredibly great performance!,positive
The experience is super comfortable and fit true to size and feel light.,positive
This comfort exceeded all my expectations and feels exceptionally top-notch.,positive
The service has exceptionally unacceptable performance!,negative
The product is available in white and weighs 285 grams.,neutral
A abysmal display with abysmal quality!,negative
A abysmal acting with exceptionally abysmal quality!,negative
The packaging is completely first-class and fit true to size and feel light.,positive
I am exceptionally unhappy with the unacceptable delivery.,negative
The build quality is exceptionally poor and causes constant crashes and bugs.,negative
This shoes is a complete waste of money and feels completely poor.,negative
The shipment to New York weighs around 451 grams.,neutral
A awful build quality with extremely awful quality!,negative
The shipment to Tokyo weighs around 8 grams.,neutral
The shipment to London weighs around 292 grams.,neutral
The product is available in white and weighs 399 grams.,neutral
This customer support is a complete waste of money and feels incredibly rude.,negative
This shoes is top quality and feels really exceptional.,positive
The product is available in silver and weighs 162 grams.,neutral
This manual fit true to size and feel light and feels completely prompt.,positive
A unacceptable build quality with really unacceptable quality!,negative
The shipment to Berlin weighs around 426 grams.,neutral
I am extremely happy with the great service.,positive
I am super unhappy with the broken customer support.,negative
An amazing performance with really amazing quality!,positive
The product is available in red and weighs 37 grams.,neutral
A overpriced camera with completely overpriced quality!,negative
I am really happy with the great build quality.,positive
This camera deserves five stars and feels super extraordinary.,positive
The delivery is extremely top-notch and deserves five stars.,positive
This food makes life so much easier and feels totally awesome.,positive
The phone produces really outstanding performance!,positive
A cold acting with cold quality!,negative
The shipment to Singapore weighs around 199 grams.,neutral
An excellent phone with super excellent quality!,positive
The shipment to Sydney weighs around 289 grams.,neutral
The product is available in red and weighs 280 grams.,neutral
The shipment to Toronto weighs around 157 grams.,neutral
The acting has completely cold performance!,negative
The storyline produces exceptionally outstanding performance!,positive
The shipment to New York weighs around 21 grams.,neutral
The shipment to London weighs around 381 grams.,neutral
I am completely unhappy with the terrible shoes.,negative
The flight produces prompt performance!,positive
A faulty battery backup with absolutely faulty quality!,negative
The product is available in red and weighs 191 grams.,neutral
The shipment to Berlin weighs around 123 grams.,neutral
The product is available in silver and weighs 296 grams.,neutral
The product is available in red and weighs 313 grams.,neutral
An sublime packaging with completely sublime quality!,positive
The product is available in blue and weighs 64 grams.,neutral
The packaging is incredibly durable and exceeded all my expectations.,positive
This packaging gave me a headache and feels super atrocious.,negative
The product is available in silver and weighs 416 grams.,neutral
The comfort is extremely clunky and gave me a headache.,negative
This display is a delight to use and feels very lovely.,positive
This storyline makes life so much easier and feels incredibly amazing.,positive
The shipment to Chicago weighs around 139 grams.,neutral
I am truly unhappy with the cold camera.,negative
The product is available in green and weighs 7 grams.,neutral
I am totally happy with the masterpiece delivery.,positive
This customer support is a complete waste of money and feels completely shoddy.,negative
The storyline produces super extraordinary performance!,positive
The shipment to Toronto weighs around 497 grams.,neutral
An awesome product with totally awesome quality!,positive
The customer support has really worthless performance!,negative
I am absolutely happy with the unbeatable screen.,positive
A cold performance with really cold quality!,negative
This room is completely unhelpful and rude and feels absolutely awful.,negative
A substandard product with extremely substandard quality!,negative
The app is really buggy and stopped working after two days.,negative
The shipment to Paris weighs around 237 grams.,neutral
A rude shoes with super rude quality!,negative
This display exceeded all my expectations and feels extremely impressive.,positive
I am exceptionally unhappy with the worthless battery life.,negative
A overpriced food with overpriced quality!,negative
An amazing comfort with amazing quality!,positive
The app is incredibly shoddy and broke on the first day.,negative
This laptop is a delight to use and feels lovely.,positive
This phone is completely unhelpful and rude and feels completely rude.,negative
I am really happy with the first-class shoes.,positive
The shipment to Paris weighs around 136 grams.,neutral
An robust images with truly robust quality!,positive
I am absolutely happy with the great display.,positive
The shipment to London weighs around 470 grams.,neutral
The product is available in green and weighs 206 grams.,neutral
I am really happy with the top-notch battery life.,positive
A miserable laptop with miserable quality!,negative
This screen works like a charm and feels truly impressive.,positive
The service produces absolutely great performance!,positive
A rude acting with absolutely rude quality!,negative
I am incredibly unhappy with the overpriced meal.,negative
The meal produces truly incredible performance!,positive
I am very happy with the solid shoes.,positive
An remarkable shipment with totally remarkable quality!,positive
The shipment to Sydney weighs around 36 grams.,neutral
The product is available in white and weighs 123 grams.,neutral
The hotel room contains a television and a headphone.,neutral
The product is available in grey and weighs 484 grams.,neutral
This battery backup stopped working after two days and feels very substandard.,negative
The shipment to Toronto weighs around 56 grams.,neutral
An superb hotel with truly superb quality!,positive
This shoes makes life so much easier and feels truly sublime.,positive
I am totally unhappy with the abysmal experience.,negative
The product is available in blue and weighs 388 grams.,neutral
I am very unhappy with the miserable images.,negative
The food has totally substandard performance!,negative
The shipment to London weighs around 65 grams.,neutral
The product is available in black and weighs 265 grams.,neutral
I am truly unhappy with the frustrating service.,negative
The acting is disappointing and is a complete waste of money.,negative
The product is extremely outstanding and is top quality.,positive
This battery life runs flawlessly and feels incredibly remarkable.,positive
The storyline has extremely substandard performance!,negative
A worthless service with truly worthless quality!,negative
The meal is completely top-notch and exceeded all my expectations.,positive
The build quality produces absolutely lovely performance!,positive
This food is a delight to use and feels truly lovely.,positive
The product is available in white and weighs 303 grams.,neutral
The product is available in silver and weighs 361 grams.,neutral
I am incredibly happy with the wonderful performance.,positive
The product is available in green and weighs 65 grams.,neutral
A miserable customer support with completely miserable quality!,negative
The shipment to Mumbai weighs around 285 grams.,neutral
This hotel gave me a headache and feels extremely unhelpful.,negative
The app has absolutely rude performance!,negative
The storyline has really useless performance!,negative
The product is available in red and weighs 39 grams.,neutral
The product is available in blue and weighs 182 grams.,neutral
This phone exceeded all my expectations and feels exceptionally great.,positive
The product is available in green and weighs 30 grams.,neutral
The shipment has flawed performance!,negative
The product is available in green and weighs 450 grams.,neutral
The shipment to London weighs around 14 grams.,neutral
A shoddy display with super shoddy quality!,negative
This service works like a charm and feels stellar.,positive
The shipment to Paris weighs around 108 grams.,neutral
This customer support runs flawlessly and feels extremely outstanding.,positive
A substandard storyline with incredibly substandard quality!,negative
The hotel room contains a setup guide and a table.,neutral
The room produces exceptionally first-class performance!,positive
An top-notch shoes with incredibly top-notch quality!,positive
I am very unhappy with the worthless delivery.,negative
I am totally unhappy with the cold laptop.,negative
An delightful experience with completely delightful quality!,positive
This app works like a charm and feels absolutely exceptional.,positive
The schedule produces totally lovely performance!,positive
The product is available in black and weighs 365 grams.,neutral
I am truly happy with the wonderful screen.,positive
The hotel is completely phenomenal and runs flawlessly.,positive
This app is completely unhelpful and rude and feels incredibly abysmal.,negative
I am truly happy with the brilliant performance.,positive
The service has incredibly substandard performance!,negative
This display gave me a headache and feels really useless.,negative
The customer support is really delightful and fit true to size and feel light.,positive
I am very happy with the delightful app.,positive
A substandard app with substandard quality!,negative
I am happy with the remarkable images.,positive
The product is available in grey and weighs 445 grams.,neutral
The phone is exceptionally flawed and broke on the first day.,negative
This app is top quality and feels super crisp.,positive
The images has unreliable performance!,negative
I am absolutely unhappy with the broken battery backup.,negative
The food is extremely atrocious and gave me a headache.,negative
This display flickers constantly and overheats quickly and feels exceptionally unhelpful.,negative
The shipment to Singapore weighs around 455 grams.,neutral
The shipment to Tokyo weighs around 380 grams.,neutral
This delivery flickers constantly and overheats quickly and feels extremely overpriced.,negative
The hotel room contains a extra straps and a camera.,neutral
The product is available in white and weighs 211 grams.,neutral
This display deserves five stars and feels extremely fantastic.,positive
The shipment to Berlin weighs around 13 grams.,neutral
The hotel has absolutely buggy performance!,negative
The shipment to Sydney weighs around 39 grams.,neutral
The room is completely annoying and is full of annoying bugs.,negative
This storyline is a complete waste of money and feels really frustrating.,negative
The shipment to New York weighs around 179 grams.,neutral
I am incredibly unhappy with the unacceptable images.,negative
An durable meal with truly durable quality!,positive
A shoddy build quality with very shoddy quality!,negative
This product is a delight to use and feels completely stellar.,positive
The product is available in silver and weighs 171 grams.,neutral
The flight produces totally solid performance!,positive
An remarkable product with extremely remarkable quality!,positive
This display stopped working after two days and feels completely poor.,negative
I am super happy with the brilliant service.,positive
This comfort is full of annoying bugs and feels completely unhelpful.,negative
I am completely happy with the fantastic meal.,positive
I am very unhappy with the substandard service.,negative
The hotel room contains a double bed and a laptop.,neutral
This hotel stopped working after two days and feels really frustrating.,negative
The performance is exceptionally crisp and surpassed my hopes.,positive
The shipment to Sydney weighs around 47 grams.,neutral
This meal is full of annoying bugs and feels very buggy.,negative
I am very happy with the top-notch display.,positive
The shipment to New York weighs around 235 grams.,neutral
The shipment to Sydney weighs around 352 grams.,neutral
I am really unhappy with the tasteless phone.,negative
The comfort is exceptionally flawless and makes life so much easier.,positive
The camera is absolutely substandard and causes constant crashes and bugs.,negative
I am super unhappy with the shoddy customer support.,negative
The phone is absolutely solid and deserves five stars.,positive
The manual produces incredibly great performance!,positive
The food produces totally superb performance!,positive
This packaging is top quality and feels exceptionally terrific.,positive
The product is available in red and weighs 168 grams.,neutral
The shipment to Singapore weighs around 97 grams.,neutral
A shoddy hotel with totally shoddy quality!,negative
The meal has absolutely horrible performance!,negative
This meal gave me a headache and feels absolutely miserable.,negative
The product is completely stellar and exceeded all my expectations.,positive
This screen runs flawlessly and feels exceptionally remarkable.,positive
I am really happy with the remarkable storyline.,positive
The performance produces truly stellar performance!,positive
The images produces very first-class performance!,positive
The hotel is completely defective and flickers constantly and overheats quickly.,negative
The product is available in green and weighs 413 grams.,neutral
I am absolutely unhappy with the overpriced product.,negative
The display is incredibly dreadful and is completely unhelpful and rude.,negative
The hotel room contains a user manual and a smartphone.,neutral
The comfort has incredibly tasteless performance!,negative
The hotel room contains a television and a jacket.,neutral
The shipment to London weighs around 57 grams.,neutral
The shipment to Singapore weighs around 131 grams.,neutral
The acting has truly shoddy performance!,negative
The product is available in grey and weighs 396 grams.,neutral
The product is available in blue and weighs 81 grams.,neutral
I am exceptionally happy with the great packaging.,positive
I am completely unhappy with the cold packaging.,negative
A terrible meal with terrible quality!,negative
The package arrived on Wednesday morning.,neutral
An terrific performance with truly terrific quality!,positive
I am exceptionally happy with the fantastic phone.,positive
The product is available in grey and weighs 404 grams.,neutral
The performance produces exceptionally outstanding performance!,positive
The phone has miserable performance!,negative
The shipment to London weighs around 45 grams.,neutral
I am exceptionally unhappy with the clunky packaging.,negative
The product is available in red and weighs 406 grams.,neutral
The acting has exceptionally disappointing performance!,negative
The meal produces absolutely first-class performance!,positive
The product is available in red and weighs 173 grams.,neutral
The performance produces completely awesome performance!,positive
The app has exceptionally useless performance!,negative
The shipment is remarkable and makes life so much easier.,positive
The hotel has absolutely faulty performance!,negative
The product is available in grey and weighs 494 grams.,neutral
The shipment to Chicago weighs around 392 grams.,neutral
The product is available in silver and weighs 272 grams.,neutral
The shipment to Toronto weighs around 259 grams.,neutral
The library operates from 9 AM to 8 PM on Tuesdays.,neutral
I am super unhappy with the cold service.,negative
The shipment to Chicago weighs around 409 grams.,neutral
The shoes is very first-class and runs flawlessly.,positive
This app flickers constantly and overheats quickly and feels exceptionally abysmal.,negative
The display is super defective and is completely unhelpful and rude.,negative
A rude acting with totally rude quality!,negative
An solid manual with super solid quality!,positive
The storyline is super terrible and is completely unhelpful and rude.,negative
I am totally happy with the exceptional build quality.,positive
The shipment to Mumbai weighs around 97 grams.,neutral
An durable room with totally durable quality!,positive
The product is available in red and weighs 431 grams.,neutral
This battery backup is full of annoying bugs and feels super frustrating.,negative
The shipment to Paris weighs around 23 grams.,neutral
This food gave me a headache and feels completely unreliable.,negative
An delightful room with delightful quality!,positive
An lovely food with totally lovely quality!,positive
I am absolutely unhappy with the overpriced battery life.,negative
The shipment to Toronto weighs around 381 grams.,neutral
The shipment to New York weighs around 439 grams.,neutral
The shipment to Tokyo weighs around 41 grams.,neutral
The hotel room contains a extra straps and a shirt.,neutral
The shipment to Singapore weighs around 253 grams.,neutral
This camera is completely unhelpful and rude and feels incredibly dreadful.,negative
A horrible experience with truly horrible quality!,negative
I am extremely unhappy with the disappointing shoes.,negative
The product is available in black and weighs 483 grams.,neutral
The manual is super buggy and broke on the first day.,negative
The hotel room contains a charging cable and a adapter.,neutral
The product is available in blue and weighs 111 grams.,neutral
The phone produces great performance!,positive
The laptop has super broken performance!,negative
I am really happy with the impressive meal.,positive
The meal is super unacceptable and is a complete waste of money.,negative
This laptop deserves five stars and feels extremely masterpiece.,positive
A defective performance with super defective quality!,negative
The shipment to Toronto weighs around 97 grams.,neutral
The product is available in green and weighs 222 grams.,neutral
The room produces extremely incredible performance!,positive
The storyline is incredibly overpriced and is completely unhelpful and rude.,negative
The comfort is extremely unreliable and broke on the first day.,negative
I am incredibly happy with the impressive build quality.,positive
The shoes produces truly masterpiece performance!,positive
The product is available in grey and weighs 29 grams.,neutral
The customer support produces totally great performance!,positive
The customer support is really overpriced and causes constant crashes and bugs.,negative
I am absolutely happy with the remarkable food.,positive
The hotel is incredibly flawed and is a complete waste of money.,negative
The packaging is very worthless and is a complete waste of money.,negative
A overpriced performance with exceptionally overpriced quality!,negative
I am happy with the amazing screen.,positive
I am truly happy with the lovely experience.,positive
I am super unhappy with the unacceptable laptop.,negative
This app works like a charm and feels super crisp.,positive
I am really unhappy with the buggy manual.,negative
The hotel room contains a double bed and a table.,neutral
The comfort produces truly delightful performance!,positive
The product is available in black and weighs 242 grams.,neutral
This food is completely unhelpful and rude and feels very disappointing.,negative
I am incredibly happy with the prompt delivery.,positive
An impressive screen with really impressive quality!,positive
The shipment to London weighs around 194 grams.,neutral
The schedule is exceptionally atrocious and gave me a headache.,negative
The acting produces super awesome performance!,positive
This hotel gave me a headache and feels extremely annoying.,negative
An awesome delivery with truly awesome quality!,positive
An crisp acting with super crisp quality!,positive
An extraordinary shipment with completely extraordinary quality!,positive
The shipment to Berlin weighs around 95 grams.,neutral
I am absolutely happy with the outstanding packaging.,positive
This screen fit true to size and feel light and feels amazing.,positive
The hotel room contains a television and a keyboard.,neutral
This performance is completely unhelpful and rude and feels truly poor.,negative
The storyline produces extremely unbeatable performance!,positive
This images exceeded all my expectations and feels exceptionally stellar.,positive
This comfort causes constant crashes and bugs and feels totally substandard.,negative
The product is available in black and weighs 411 grams.,neutral
The display is incredibly annoying and stopped working after two days.,negative
The hotel room contains a warranty card and a laptop.,neutral
The performance is super robust and makes life so much easier.,positive
The display has incredibly poor performance!,negative
The manual produces exceptionally top-notch performance!,positive
The performance has totally horrible performance!,negative
The product is available in silver and weighs 160 grams.,neutral
The hotel room contains a television and a table.,neutral
The shipment to Paris weighs around 295 grams.,neutral
The shipment to Sydney weighs around 445 grams.,neutral
The experience produces really superb performance!,positive
The experience is very solid and is worth every penny.,positive
The shipment to Singapore weighs around 478 grams.,neutral
This experience gave me a headache and feels super annoying.,negative
This schedule exceeded all my expectations and feels extremely excellent.,positive
The shipment to Paris weighs around 111 grams.,neutral
A unacceptable app with truly unacceptable quality!,negative
The shipment to Tokyo weighs around 315 grams.,neutral
The acting has really clunky performance!,negative
The product is available in silver and weighs 244 grams.,neutral
This schedule is top quality and feels completely excellent.,positive
I am exceptionally unhappy with the cold hotel.,negative
The product is available in silver and weighs 90 grams.,neutral
This delivery causes constant crashes and bugs and feels completely shoddy.,negative
The product is available in blue and weighs 438 grams.,neutral
This battery backup makes life so much easier and feels exceptionally sublime.,positive
The shipment to London weighs around 74 grams.,neutral
The room is totally remarkable and exceeded all my expectations.,positive
The storyline has really flawed performance!,negative
A defective flight with absolutely defective quality!,negative
A tasteless schedule with totally tasteless quality!,negative
The experience has really abysmal performance!,negative
A faulty delivery with exceptionally faulty quality!,negative
This battery life deserves five stars and feels completely terrific.,positive
The delivery produces totally extraordinary performance!,positive
A frustrating comfort with frustrating quality!,negative
The meal is exceptionally disappointing and flickers constantly and overheats quickly.,negative
An phenomenal shoes with extremely phenomenal quality!,positive
I am super unhappy with the unhelpful acting.,negative
I am completely happy with the superb display.,positive
I am extremely happy with the extraordinary performance.,positive
The performance is miserable and broke on the first day.,negative
The shipment to Tokyo weighs around 394 grams.,neutral
The customer support is extremely miserable and is full of annoying bugs.,negative
The shipment to Toronto weighs around 187 grams.,neutral
The food has exceptionally poor performance!,negative
I am extremely unhappy with the frustrating phone.,negative
This meal is a delight to use and feels really durable.,positive
The shipment to Paris weighs around 493 grams.,neutral
This product is completely unhelpful and rude and feels totally atrocious.,negative
The hotel has defective performance!,negative
The package arrived on Tuesday morning.,neutral
The experience is remarkable and surpassed my hopes.,positive
The experience produces exceptionally comfortable performance!,positive
The shipment to Chicago weighs around 407 grams.,neutral
The shipment to Tokyo weighs around 98 grams.,neutral
A poor experience with poor quality!,negative
An brilliant schedule with brilliant quality!,positive
The hotel room contains a setup guide and a chair.,neutral
This meal makes life so much easier and feels super exceptional.,positive
The product is available in red and weighs 435 grams.,neutral
The display produces very crisp performance!,positive
The product is available in black and weighs 122 grams.,neutral
The hotel room contains a user manual and a shirt.,neutral
I am exceptionally unhappy with the horrible food.,negative
The product is available in black and weighs 297 grams.,neutral
I am really unhappy with the unhelpful images.,negative
The shipment to Singapore weighs around 106 grams.,neutral
The build quality is truly unbeatable and deserves five stars.,positive
The product has totally tasteless performance!,negative
This customer support causes constant crashes and bugs and feels exceptionally faulty.,negative
The camera has super disappointing performance!,negative
The shipment to Toronto weighs around 128 grams.,neutral
A faulty comfort with truly faulty quality!,negative
The product is available in blue and weighs 275 grams.,neutral
This manual is a complete waste of money and feels very annoying.,negative
The shipment to Sydney weighs around 221 grams.,neutral
The product is available in green and weighs 317 grams.,neutral
The product is available in black and weighs 355 grams.,neutral
The customer support has super overpriced performance!,negative
The product is available in blue and weighs 376 grams.,neutral
The customer support has super cold performance!,negative
I am completely happy with the lovely schedule.,positive
The product is available in grey and weighs 84 grams.,neutral
A broken battery life with broken quality!,negative
The comfort produces very delightful performance!,positive
The meal is totally durable and is top quality.,positive
This flight gave me a headache and feels exceptionally cold.,negative
The shipment to Mumbai weighs around 43 grams.,neutral
This schedule works like a charm and feels truly comfortable.,positive
An extraordinary packaging with extraordinary quality!,positive
The shipment to Chicago weighs around 2 grams.,neutral
A broken comfort with broken quality!,negative
This images flickers constantly and overheats quickly and feels exceptionally dreadful.,negative
This display fit true to size and feel light and feels very excellent.,positive
I am totally happy with the delightful service.,positive
This battery life stopped working after two days and feels incredibly terrible.,negative
The battery life has really flawed performance!,negative
The shipment to Berlin weighs around 14 grams.,neutral
An awesome schedule with totally awesome quality!,positive
An masterpiece manual with very masterpiece quality!,positive
This build quality is completely unhelpful and rude and feels incredibly clunky.,negative
The room is exceptionally substandard and stopped working after two days.,negative
This experience gave me a headache and feels absolutely rude.,negative
An lovely display with truly lovely quality!,positive
This comfort exceeded all my expectations and feels totally phenomenal.,positive
The food is really solid and fit true to size and feel light.,positive
I am really happy with the lovely performance.,positive
I am really happy with the brilliant service.,positive
The product is available in green and weighs 38 grams.,neutral
This room is top quality and feels completely fantastic.,positive
The battery backup is really overpriced and broke on the first day.,negative
The delivery has useless performance!,negative
The shipment to Toronto weighs around 425 grams.,neutral
I am incredibly happy with the lovely meal.,positive
The product is available in black and weighs 97 grams.,neutral
The shipment to Mumbai weighs around 170 grams.,neutral
This display is a complete waste of money and feels absolutely rude.,negative
I am completely unhappy with the faulty shoes.,negative
The manual is terrific and runs flawlessly.,positive
The shipment is absolutely unreliable and is completely unhelpful and rude.,negative
The shipment to Singapore weighs around 312 grams.,neutral
A unhelpful hotel with totally unhelpful quality!,negative
This flight fit true to size and feel light and feels really brilliant.,positive
The product is available in white and weighs 238 grams.,neutral
The shipment to Tokyo weighs around 40 grams.,neutral
The performance is totally fantastic and is worth every penny.,positive
The display produces completely prompt performance!,positive
The food is impressive and exceeded all my expectations.,positive
The battery life is abysmal and is a complete waste of money.,negative
The packaging is completely terrific and is a delight to use.,positive
The shipment to Sydney weighs around 410 grams.,neutral
The hotel has extremely flawed performance!,negative
I am extremely unhappy with the horrible food.,negative
I am super unhappy with the unhelpful schedule.,negative
I am incredibly unhappy with the clunky screen.,negative
I am absolutely unhappy with the terrible shoes.,negative
The experience has incredibly abysmal performance!,negative
The shipment to Singapore weighs around 223 grams.,neutral
I am completely happy with the top-notch display.,positive
The shoes produces totally excellent performance!,positive
The shipment to Mumbai weighs around 129 grams.,neutral
The product is available in silver and weighs 453 grams.,neutral
The product is available in black and weighs 129 grams.,neutral
I am totally happy with the amazing battery life.,positive
The battery life is completely sublime and makes life so much easier.,positive
The product is available in green and weighs 350 grams.,neutral
An remarkable storyline with truly remarkable quality!,positive
The product is available in green and weighs 188 grams.,neutral
The shipment to Berlin weighs around 208 grams.,neutral
The shipment to Mumbai weighs around 177 grams.,neutral
I am super happy with the delightful display.,positive
This build quality exceeded all my expectations and feels truly comfortable.,positive
The battery life is truly unacceptable and is a complete waste of money.,negative
The hotel room contains a double bed and a adapter.,neutral
The product is available in green and weighs 424 grams.,neutral
The shipment to Paris weighs around 469 grams.,neutral
I am happy with the unbeatable storyline.,positive
The shipment to Chicago weighs around 147 grams.,neutral
The shipment to Paris weighs around 380 grams.,neutral
I am incredibly happy with the durable room.,positive
The shipment to Tokyo weighs around 13 grams.,neutral
The laptop produces truly first-class performance!,positive
The shipment to New York weighs around 333 grams.,neutral
The flight produces completely wonderful performance!,positive
This shoes makes life so much easier and feels extremely impressive.,positive
This comfort is completely unhelpful and rude and feels very worthless.,negative
This customer support is a delight to use and feels absolutely incredible.,positive
I am incredibly unhappy with the broken storyline.,negative
The hotel room contains a charging cable and a cable.,neutral
The shipment to Paris weighs around 440 grams.,neutral
I am truly unhappy with the frustrating comfort.,negative
The product is available in black and weighs 149 grams.,neutral
This shoes makes life so much easier and feels extremely comfortable.,positive
The hotel room contains a television and a book.,neutral
The battery backup is absolutely crisp and is worth every penny.,positive
The shipment to Paris weighs around 185 grams.,neutral
The shipment to Mumbai weighs around 396 grams.,neutral
This images causes constant crashes and bugs and feels incredibly buggy.,negative
I am totally happy with the unbeatable camera.,positive
The storyline produces absolutely exceptional performance!,positive
An superb packaging with exceptionally superb quality!,positive
The laptop has buggy performance!,negative
An brilliant build quality with completely brilliant quality!,positive
The laptop is clunky and causes constant crashes and bugs.,negative
I am totally unhappy with the overpriced packaging.,negative
This storyline is completely unhelpful and rude and feels exceptionally worthless.,negative
The flight produces really masterpiece performance!,positive
The product is available in silver and weighs 494 grams.,neutral
I am extremely happy with the flawless display.,positive
I am truly happy with the lovely meal.,positive
The room has extremely frustrating performance!,negative
This comfort is top quality and feels very exceptional.,positive
The images is really incredible and works like a charm.,positive
This hotel stopped working after two days and feels super miserable.,negative
The build quality has very frustrating performance!,negative
I am really unhappy with the substandard customer support.,negative
This experience gave me a headache and feels extremely frustrating.,negative
This service surpassed my hopes and feels wonderful.,positive
The product is available in black and weighs 113 grams.,neutral
I am super unhappy with the clunky battery backup.,negative
The meal is exceptionally horrible and causes constant crashes and bugs.,negative
I am very unhappy with the rude meal.,negative
This comfort is worth every penny and feels very superb.,positive
The shoes produces truly robust performance!,positive
The hotel room contains a charging cable and a watch.,neutral
This hotel surpassed my hopes and feels very remarkable.,positive
The shipment is very unhelpful and is a complete waste of money.,negative
The shipment to Chicago weighs around 133 grams.,neutral
I am totally unhappy with the overpriced app.,negative
A poor comfort with completely poor quality!,negative
The hotel room contains a television and a shirt.,neutral
The shipment to Toronto weighs around 404 grams.,neutral
The product is available in green and weighs 124 grams.,neutral
This hotel flickers constantly and overheats quickly and feels totally defective.,negative
An unbeatable service with extremely unbeatable quality!,positive
The meal is exceptionally shoddy and is full of annoying bugs.,negative
A useless phone with incredibly useless quality!,negative
This experience is a complete waste of money and feels totally clunky.,negative
An excellent images with very excellent quality!,positive
The camera is incredibly phenomenal and exceeded all my expectations.,positive
The manual is exceptionally disappointing and causes constant crashes and bugs.,negative
A disappointing screen with very disappointing quality!,negative
I am exceptionally happy with the lovely screen.,positive
The product is available in green and weighs 362 grams.,neutral
The packaging is totally useless and stopped working after two days.,negative
The shipment to Toronto weighs around 295 grams.,neutral
The product is available in black and weighs 335 grams.,neutral
A atrocious app with really atrocious quality!,negative
The hotel room contains a user manual and a cable.,neutral
The schedule is exceptionally phenomenal and works like a charm.,positive
The acting has truly substandard performance!,negative
I am extremely happy with the amazing shipment.,positive
The shipment to Singapore weighs around 37 grams.,neutral
This display gave me a headache and feels completely disappointing.,negative
The meal produces very extraordinary performance!,positive
The shipment to Singapore weighs around 35 grams.,neutral
The meal has completely substandard performance!,negative
The hotel room contains a carrying case and a book.,neutral
The shipment to Toronto weighs around 367 grams.,neutral
The shipment to Paris weighs around 137 grams.,neutral
I am totally happy with the incredible customer support.,positive
The shipment to New York weighs around 137 grams.,neutral
This hotel exceeded all my expectations and feels very terrific.,positive
The shoes is super horrible and gave me a headache.,negative
A shoddy performance with shoddy quality!,negative
The product is available in blue and weighs 90 grams.,neutral
The hotel room contains a extra straps and a watch.,neutral
The flight is very useless and broke on the first day.,negative
I am very happy with the great storyline.,positive
The phone is very incredible and works like a charm.,positive
This laptop is top quality and feels absolutely unbeatable.,positive
The shipment to Chicago weighs around 101 grams.,neutral
The performance is truly disappointing and is completely unhelpful and rude.,negative
The images produces completely impressive performance!,positive
The app produces absolutely wonderful performance!,positive
A terrible battery backup with very terrible quality!,negative
The comfort is exceptionally phenomenal and is worth every penny.,positive
I am unhappy with the horrible screen.,negative
The images is exceptionally miserable and stopped working after two days.,negative
The package arrived on Friday morning.,neutral
The screen is completely terrific and runs flawlessly.,positive
An crisp flight with crisp quality!,positive
The product is available in white and weighs 473 grams.,neutral
The hotel room contains a warranty card and a monitor.,neutral
An terrific room with really terrific quality!,positive
The product is available in blue and weighs 108 grams.,neutral
The schedule produces absolutely brilliant performance!,positive
The product is available in blue and weighs 146 grams.,neutral
A dreadful camera with absolutely dreadful quality!,negative
The shipment to Sydney weighs around 354 grams.,neutral
The schedule is really terrific and makes life so much easier.,positive
The product is available in red and weighs 254 grams.,neutral
The shipment to Sydney weighs around 380 grams.,neutral
I am totally happy with the sublime customer support.,positive
The product produces absolutely wonderful performance!,positive
The acting has really abysmal performance!,negative
The battery backup produces totally excellent performance!,positive
The battery backup is super lovely and deserves five stars.,positive
The shipment to Toronto weighs around 416 grams.,neutral
The shipment to Mumbai weighs around 448 grams.,neutral
This product causes constant crashes and bugs and feels absolutely worthless.,negative
The shipment to Chicago weighs around 441 grams.,neutral
A unhelpful storyline with truly unhelpful quality!,negative
This packaging is top quality and feels incredibly outstanding.,positive
I am very happy with the unbeatable hotel.,positive
The acting has truly frustrating performance!,negative
The shipment to New York weighs around 236 grams.,neutral
This product works like a charm and feels completely durable.,positive
An first-class display with exceptionally first-class quality!,positive
The hotel room contains a double bed and a shirt.,neutral
I am totally unhappy with the frustrating app.,negative
I am exceptionally unhappy with the clunky customer support.,negative
I am super unhappy with the substandard storyline.,negative
The product is available in silver and weighs 220 grams.,neutral
The battery backup is super flawless and makes life so much easier.,positive
The hotel room contains a charging cable and a book.,neutral
I am unhappy with the awful camera.,negative
The schedule produces incredibly masterpiece performance!,positive
This schedule causes constant crashes and bugs and feels exceptionally frustrating.,negative
The screen produces truly comfortable performance!,positive
The battery backup is exceptionally frustrating and stopped working after two days.,negative
I am extremely unhappy with the terrible schedule.,negative
The product is available in red and weighs 5 grams.,neutral
The product is available in red and weighs 215 grams.,neutral
An first-class service with completely first-class quality!,positive
The packaging has totally terrible performance!,negative
The hotel room contains a extra straps and a cable.,neutral
The camera produces totally stellar performance!,positive
The product is available in green and weighs 123 grams.,neutral
The product is available in blue and weighs 295 grams.,neutral
The product is available in black and weighs 292 grams.,neutral
The shipment to Toronto weighs around 169 grams.,neutral
This room is worth every penny and feels lovely.,positive
This build quality flickers constantly and overheats quickly and feels incredibly dreadful.,negative
An lovely experience with truly lovely quality!,positive
The hotel room contains a carrying case and a chair.,neutral
The phone has incredibly useless performance!,negative
The shipment to Paris weighs around 435 grams.,neutral
The performance produces absolutely flawless performance!,positive
The laptop produces really delightful performance!,positive
A unreliable manual with super unreliable quality!,negative
The shipment to Toronto weighs around 452 grams.,neutral
An flawless packaging with absolutely flawless quality!,positive
The hotel room contains a setup guide and a book.,neutral
The hotel room contains a carrying case and a smartphone.,neutral
I am totally happy with the comfortable acting.,positive
This product surpassed my hopes and feels absolutely unbeatable.,positive
I am unhappy with the substandard service.,negative
The product is available in green and weighs 252 grams.,neutral
The manual produces very stellar performance!,positive
This laptop gave me a headache and feels super unhelpful.,negative
The product is available in white and weighs 326 grams.,neutral
The shipment to Sydney weighs around 461 grams.,neutral
The product is available in white and weighs 335 grams.,neutral
A faulty schedule with completely faulty quality!,negative
I am totally unhappy with the frustrating phone.,negative
The hotel room contains a warranty card and a table.,neutral
This battery backup deserves five stars and feels completely lovely.,positive
The hotel room contains a carrying case and a camera.,neutral
The hotel room contains a warranty card and a headphone.,neutral
The hotel room contains a carrying case and a monitor.,neutral
The shipment to Toronto weighs around 8 grams.,neutral
An first-class battery backup with first-class quality!,positive
The app has incredibly worthless performance!,negative
The shipment to Paris weighs around 454 grams.,neutral
The shipment to Singapore weighs around 94 grams.,neutral
The camera is absolutely clunky and flickers constantly and overheats quickly.,negative
I am very unhappy with the annoying battery life.,negative
The comfort produces very top-notch performance!,positive
The shipment to Toronto weighs around 96 grams.,neutral
An superb laptop with incredibly superb quality!,positive
This service works like a charm and feels completely remarkable.,positive
The phone is exceptionally rude and causes constant crashes and bugs.,negative
The delivery is totally unbeatable and exceeded all my expectations.,positive
A rude images with truly rude quality!,negative
A worthless app with absolutely worthless quality!,negative
The shipment to Paris weighs around 232 grams.,neutral
The product is available in red and weighs 360 grams.,neutral
The acting is outstanding and is worth every penny.,positive
The comfort is exceptionally outstanding and works like a charm.,positive
The product is available in red and weighs 452 grams.,neutral
The product is available in blue and weighs 255 grams.,neutral
This laptop is a complete waste of money and feels incredibly terrible.,negative
I am extremely unhappy with the dreadful delivery.,negative
The acting produces super stellar performance!,positive
The battery backup has very tasteless performance!,negative
I am unhappy with the substandard schedule.,negative
The customer support produces totally outstanding performance!,positive
The shipment to Tokyo weighs around 45 grams.,neutral
An robust app with robust quality!,positive
The display is completely incredible and surpassed my hopes.,positive
An crisp hotel with completely crisp quality!,positive
A tasteless build quality with incredibly tasteless quality!,negative
I am totally happy with the amazing app.,positive
This manual stopped working after two days and feels very terrible.,negative
The service is extremely disappointing and is completely unhelpful and rude.,negative
The hotel is incredibly broken and gave me a headache.,negative
An incredible battery life with completely incredible quality!,positive
The shipment to London weighs around 134 grams.,neutral
I am completely happy with the robust experience.,positive
The screen produces flawless performance!,positive
The product is available in red and weighs 275 grams.,neutral
The product is available in blue and weighs 77 grams.,neutral
An sublime experience with totally sublime quality!,positive
The food has completely worthless performance!,negative
An extraordinary packaging with totally extraordinary quality!,positive
A miserable experience with exceptionally miserable quality!,negative
An exceptional room with super exceptional quality!,positive
This food makes life so much easier and feels absolutely excellent.,positive
The product is available in blue and weighs 250 grams.,neutral
The shipment to Mumbai weighs around 64 grams.,neutral
A unreliable delivery with really unreliable quality!,negative
A horrible app with extremely horrible quality!,negative
The product is available in black and weighs 468 grams.,neutral
I am unhappy with the buggy display.,negative
This delivery is worth every penny and feels very solid.,positive
The hotel has completely cold performance!,negative
This packaging is worth every penny and feels exceptionally first-class.,positive
The product is available in green and weighs 172 grams.,neutral
The product is available in grey and weighs 75 grams.,neutral
This flight is full of annoying bugs and feels completely defective.,negative
The shipment to Berlin weighs around 377 grams.,neutral
I am totally happy with the solid build quality.,positive
The shipment to Sydney weighs around 122 grams.,neutral
The comfort is super flawed and broke on the first day.,negative
The shipment to Sydney weighs around 187 grams.,neutral
The shipment to Sydney weighs around 126 grams.,neutral
An wonderful storyline with truly wonderful quality!,positive
This laptop broke on the first day and feels truly unacceptable.,negative
The product is available in red and weighs 269 grams.,neutral
An impressive battery life with incredibly impressive quality!,positive
I am very unhappy with the abysmal delivery.,negative
The shipment to Tokyo weighs around 480 grams.,neutral
The comfort produces amazing performance!,positive
This display exceeded all my expectations and feels impressive.,positive
The shipment to London weighs around 487 grams.,neutral
A substandard hotel with very substandard quality!,negative
The shipment to London weighs around 406 grams.,neutral
I am happy with the prompt build quality.,positive
The shipment to Toronto weighs around 219 grams.,neutral
I am very happy with the amazing schedule.,positive
The delivery is extremely worthless and broke on the first day.,negative
The build quality is very defective and causes constant crashes and bugs.,negative
The shoes is exceptionally clunky and causes constant crashes and bugs.,negative
The customer support is totally sublime and deserves five stars.,positive
This room surpassed my hopes and feels really robust.,positive
An great experience with truly great quality!,positive
An first-class service with absolutely first-class quality!,positive
The product is available in grey and weighs 195 grams.,neutral
The hotel room contains a double bed and a smartphone.,neutral
This hotel flickers constantly and overheats quickly and feels extremely rude.,negative
A poor hotel with totally poor quality!,negative
A annoying app with super annoying quality!,negative
This experience gave me a headache and feels totally unreliable.,negative
The hotel has incredibly worthless performance!,negative
A unhelpful customer support with incredibly unhelpful quality!,negative
The shipment to New York weighs around 360 grams.,neutral
An prompt screen with super prompt quality!,positive
The shipment to Singapore weighs around 483 grams.,neutral
I am exceptionally unhappy with the atrocious phone.,negative
This packaging causes constant crashes and bugs and feels annoying.,negative
The hotel is really unreliable and flickers constantly and overheats quickly.,negative
The app produces exceptionally exceptional performance!,positive
The display produces incredibly incredible performance!,positive
I am exceptionally unhappy with the clunky schedule.,negative
The product is available in green and weighs 22 grams.,neutral
The laptop produces exceptional performance!,positive
An exceptional camera with totally exceptional quality!,positive
The build quality has really buggy performance!,negative
The meal is incredibly poor and flickers constantly and overheats quickly.,negative
The camera is frustrating and is full of annoying bugs.,negative
I am really happy with the top-notch customer support.,positive
This service exceeded all my expectations and feels totally lovely.,positive
This meal gave me a headache and feels absolutely rude.,negative
The product is available in silver and weighs 277 grams.,neutral
The shipment to Tokyo weighs around 250 grams.,neutral
I am truly unhappy with the tasteless experience.,negative
The hotel room contains a extra straps and a chair.,neutral
The shipment to Sydney weighs around 319 grams.,neutral
The product is available in grey and weighs 499 grams.,neutral
The product is available in green and weighs 455 grams.,neutral
A cold camera with extremely cold quality!,negative
A miserable acting with exceptionally miserable quality!,negative
The delivery is extremely overpriced and is full of annoying bugs.,negative
The food produces incredibly lovely performance!,positive
This laptop exceeded all my expectations and feels super fantastic.,positive
The app has truly abysmal performance!,negative
The shipment is awesome and is top quality.,positive
This schedule flickers constantly and overheats quickly and feels incredibly poor.,negative
This battery life works like a charm and feels exceptionally prompt.,positive
I am extremely unhappy with the clunky performance.,negative
The flight is super worthless and stopped working after two days.,negative
The product is available in silver and weighs 73 grams.,neutral
The room is lovely and is worth every penny.,positive
The shipment to Tokyo weighs around 82 grams.,neutral
The meal is absolutely frustrating and is full of annoying bugs.,negative
The app produces completely excellent performance!,positive
This packaging exceeded all my expectations and feels very extraordinary.,positive
The customer support produces super outstanding performance!,positive
The product is available in white and weighs 47 grams.,neutral
The acting has very disappointing performance!,negative
The product is available in grey and weighs 165 grams.,neutral
The shipment to New York weighs around 283 grams.,neutral
The product is available in red and weighs 4 grams.,neutral
The hotel room contains a carrying case and a watch.,neutral
This phone is top quality and feels truly comfortable.,positive
The shipment produces totally prompt performance!,positive
The product is available in silver and weighs 459 grams.,neutral
I am very happy with the exceptional battery life.,positive
The product is available in grey and weighs 113 grams.,neutral
The display is exceptionally miserable and causes constant crashes and bugs.,negative
This product is completely unhelpful and rude and feels incredibly substandard.,negative
A disappointing customer support with really disappointing quality!,negative
The product is available in grey and weighs 429 grams.,neutral
This battery backup surpassed my hopes and feels incredibly fantastic.,positive
The shipment to Berlin weighs around 438 grams.,neutral
The comfort has absolutely frustrating performance!,negative
The room produces first-class performance!,positive
The shoes has really annoying performance!,negative
A buggy packaging with exceptionally buggy quality!,negative
The shipment to London weighs around 209 grams.,neutral
This shoes stopped working after two days and feels truly clunky.,negative
This shoes flickers constantly and overheats quickly and feels completely worthless.,negative
The app produces super great performance!,positive
The battery backup is incredibly awesome and is a delight to use.,positive
A dreadful comfort with very dreadful quality!,negative
This hotel gave me a headache and feels super poor.,negative
An impressive customer support with impressive quality!,positive
The experience produces exceptionally outstanding performance!,positive
The product is available in white and weighs 377 grams.,neutral
The storyline is super robust and runs flawlessly.,positive
The shipment to Singapore weighs around 392 grams.,neutral
A broken product with exceptionally broken quality!,negative
The manual has completely horrible performance!,negative
The product is available in black and weighs 366 grams.,neutral
The product is available in white and weighs 151 grams.,neutral
The build quality produces exceptionally delightful performance!,positive
The schedule has super overpriced performance!,negative
The product is available in blue and weighs 271 grams.,neutral
A shoddy hotel with exceptionally shoddy quality!,negative
The shipment to Toronto weighs around 176 grams.,neutral
This battery backup fit true to size and feel light and feels super lovely.,positive
The comfort has very defective performance!,negative
The shipment to Mumbai weighs around 127 grams.,neutral
The shipment to Toronto weighs around 489 grams.,neutral
The phone is exceptionally shoddy and causes constant crashes and bugs.,negative
The performance is very crisp and is a delight to use.,positive
The meal is really poor and is full of annoying bugs.,negative
I am totally unhappy with the miserable app.,negative
The food has really dreadful performance!,negative
This meal fit true to size and feel light and feels totally exceptional.,positive
The product is available in blue and weighs 472 grams.,neutral
The schedule is very abysmal and gave me a headache.,negative
A awful food with truly awful quality!,negative
The product is available in silver and weighs 172 grams.,neutral
The images has exceptionally substandard performance!,negative
I am extremely happy with the durable manual.,positive
The packaging produces incredibly outstanding performance!,positive
The app has truly useless performance!,negative
The screen is truly faulty and broke on the first day.,negative
The product is available in blue and weighs 389 grams.,neutral
The product is available in red and weighs 169 grams.,neutral
I am completely unhappy with the cold delivery.,negative
A terrible manual with totally terrible quality!,negative
I am unhappy with the frustrating meal.,negative
The product is available in silver and weighs 490 grams.,neutral
This manual is a complete waste of money and feels truly unacceptable.,negative
The screen is extremely phenomenal and is worth every penny.,positive
I am extremely unhappy with the useless delivery.,negative
The room is truly delightful and works like a charm.,positive
I am super unhappy with the miserable schedule.,negative
This schedule is completely unhelpful and rude and feels truly unhelpful.,negative
The product is available in white and weighs 325 grams.,neutral
The images produces incredibly durable performance!,positive
The shipment to London weighs around 149 grams.,neutral
A frustrating camera with exceptionally frustrating quality!,negative
The shipment to Chicago weighs around 46 grams.,neutral
I am completely happy with the lovely app.,positive
A faulty screen with extremely faulty quality!,negative
The shipment to Singapore weighs around 393 grams.,neutral
An great battery life with absolutely great quality!,positive
The camera has truly overpriced performance!,negative
The camera has totally substandard performance!,negative
The product is available in silver and weighs 446 grams.,neutral
The shipment to Tokyo weighs around 440 grams.,neutral
I am unhappy with the miserable flight.,negative
This camera surpassed my hopes and feels very comfortable.,positive
The product is available in white and weighs 299 grams.,neutral
The product is available in black and weighs 425 grams.,neutral
A faulty service with exceptionally faulty quality!,negative
I am super happy with the outstanding schedule.,positive
I am extremely unhappy with the overpriced battery backup.,negative
This schedule runs flawlessly and feels very masterpiece.,positive
A overpriced storyline with really overpriced quality!,negative
The shipment to Toronto weighs around 356 grams.,neutral
The shipment to Chicago weighs around 393 grams.,neutral
The shipment is very comfortable and works like a charm.,positive
The acting is exceptionally prompt and exceeded all my expectations.,positive
The hotel room contains a power adapter and a headphone.,neutral
The shipment to Tokyo weighs around 203 grams.,neutral
The shoes has absolutely dreadful performance!,negative
The shipment to Mumbai weighs around 200 grams.,neutral
The manual is very prompt and is a delight to use.,positive
I am extremely unhappy with the dreadful manual.,negative
I am unhappy with the abysmal product.,negative
The meal produces absolutely phenomenal performance!,positive
This room is a complete waste of money and feels incredibly frustrating.,negative
This performance gave me a headache and feels incredibly abysmal.,negative
The camera is super frustrating and flickers constantly and overheats quickly.,negative
The acting has useless performance!,negative
This hotel fit true to size and feel light and feels super outstanding.,positive
The battery life is substandard and causes constant crashes and bugs.,negative
The packaging has totally clunky performance!,negative
The product is available in red and weighs 274 grams.,neutral
I am very happy with the impressive images.,positive
The food produces incredibly brilliant performance!,positive
The product is available in green and weighs 442 grams.,neutral
This laptop is full of annoying bugs and feels truly overpriced.,negative
A disappointing delivery with exceptionally disappointing quality!,negative
I am super happy with the impressive meal.,positive
The performance is incredibly abysmal and broke on the first day.,negative
This meal is a complete waste of money and feels truly buggy.,negative
The shipment to Tokyo weighs around 267 grams.,neutral
The product is available in black and weighs 58 grams.,neutral
I am truly happy with the masterpiece food.,positive
This meal is completely unhelpful and rude and feels exceptionally worthless.,negative
An crisp manual with truly crisp quality!,positive
The shipment to London weighs around 278 grams.,neutral
The comfort has totally defective performance!,negative
The shipment to Singapore weighs around 484 grams.,neutral
The shipment to Toronto weighs around 471 grams.,neutral
An robust room with incredibly robust quality!,positive
The build quality is absolutely disappointing and causes constant crashes and bugs.,negative
This shoes stopped working after two days and feels extremely buggy.,negative
The hotel room contains a user manual and a table.,neutral
I am really happy with the durable laptop.,positive
This shipment gave me a headache and feels incredibly abysmal.,negative
The product is available in green and weighs 185 grams.,neutral
This build quality flickers constantly and overheats quickly and feels really substandard.,negative
The comfort is top-notch and makes life so much easier.,positive
This display flickers constantly and overheats quickly and feels super awful.,negative
The product is available in white and weighs 339 grams.,neutral
The performance is totally awful and is a complete waste of money.,negative
The shipment to Singapore weighs around 372 grams.,neutral
I am really unhappy with the unhelpful battery life.,negative
This laptop fit true to size and feel light and feels absolutely unbeatable.,positive
A terrible storyline with extremely terrible quality!,negative
An crisp performance with totally crisp quality!,positive
The product is available in silver and weighs 88 grams.,neutral
The delivery is totally awful and is full of annoying bugs.,negative
The shipment to Paris weighs around 399 grams.,neutral
The shipment to Tokyo weighs around 69 grams.,neutral
The comfort is super amazing and is a delight to use.,positive
This battery backup is completely unhelpful and rude and feels totally disappointing.,negative
The shipment to Mumbai weighs around 111 grams.,neutral
This meal is worth every penny and feels totally unbeatable.,positive
The performance has useless performance!,negative
I am very happy with the crisp manual.,positive
An phenomenal phone with really phenomenal quality!,positive
I am absolutely happy with the impressive screen.,positive
The product is available in blue and weighs 253 grams.,neutral
This customer support is a delight to use and feels incredibly superb.,positive
I am exceptionally unhappy with the faulty service.,negative
A unacceptable hotel with extremely unacceptable quality!,negative
The product is available in white and weighs 415 grams.,neutral
This manual broke on the first day and feels absolutely defective.,negative
A cold laptop with super cold quality!,negative
The shipment to Paris weighs around 307 grams.,neutral
This shipment exceeded all my expectations and feels brilliant.,positive
I am happy with the stellar battery life.,positive
The schedule is incredible and deserves five stars.,positive
An wonderful battery backup with wonderful quality!,positive
A disappointing shoes with disappointing quality!,negative
A poor flight with completely poor quality!,negative
This images makes life so much easier and feels exceptionally delightful.,positive
The hotel room contains a power adapter and a laptop.,neutral
I am absolutely unhappy with the defective images.,negative
A overpriced performance with super overpriced quality!,negative
I am absolutely happy with the fantastic laptop.,positive
The hotel room contains a television and a camera.,neutral
The shipment to Berlin weighs around 450 grams.,neutral
I am totally happy with the brilliant app.,positive
The comfort is truly annoying and is a complete waste of money.,negative
The meal has miserable performance!,negative
The product is available in grey and weighs 46 grams.,neutral
I am incredibly unhappy with the tasteless app.,negative
The product is available in white and weighs 438 grams.,neutral
An outstanding room with exceptionally outstanding quality!,positive
The product is available in blue and weighs 117 grams.,neutral
The hotel room contains a charging cable and a keyboard.,neutral
The delivery produces exceptionally outstanding performance!,positive
The product is available in blue and weighs 107 grams.,neutral
A disappointing performance with exceptionally disappointing quality!,negative
The battery backup is frustrating and stopped working after two days.,negative
A flawed food with exceptionally flawed quality!,negative
The product is available in red and weighs 481 grams.,neutral
The product is available in black and weighs 442 grams.,neutral
I am very unhappy with the flawed acting.,negative
This shoes is a complete waste of money and feels exceptionally unreliable.,negative
The shipment to Tokyo weighs around 9 grams.,neutral
I am extremely unhappy with the unreliable battery life.,negative
The shipment to Sydney weighs around 371 grams.,neutral
I am really unhappy with the broken phone.,negative
I am completely unhappy with the faulty build quality.,negative
This battery backup broke on the first day and feels incredibly flawed.,negative
This storyline makes life so much easier and feels extremely unbeatable.,positive
The screen is really frustrating and causes constant crashes and bugs.,negative
I am extremely unhappy with the rude flight.,negative
This shipment is a delight to use and feels completely excellent.,positive
The shipment to London weighs around 204 grams.,neutral
The comfort has abysmal performance!,negative
The device model connects via standard USB connection.,neutral
This manual exceeded all my expectations and feels absolutely great.,positive
An incredible shipment with truly incredible quality!,positive
The performance is exceptionally broken and stopped working after two days.,negative
The display is super amazing and runs flawlessly.,positive
This customer support works like a charm and feels super delightful.,positive
The shipment to New York weighs around 41 grams.,neutral
The product is available in red and weighs 389 grams.,neutral
A buggy performance with extremely buggy quality!,negative
The packaging is extremely faulty and is a complete waste of money.,negative
This build quality makes life so much easier and feels absolutely comfortable.,positive
This battery backup causes constant crashes and bugs and feels absolutely clunky.,negative
I am truly unhappy with the overpriced service.,negative
This hotel runs flawlessly and feels totally crisp.,positive
A rude battery life with absolutely rude quality!,negative
An outstanding phone with really outstanding quality!,positive
The manual has extremely annoying performance!,negative
The shipment to Paris weighs around 252 grams.,neutral
I am unhappy with the horrible meal.,negative
The shipment to Toronto weighs around 113 grams.,neutral
I am incredibly unhappy with the tasteless phone.,negative
The screen is extremely horrible and is full of annoying bugs.,negative
The shipment to London weighs around 254 grams.,neutral
The product is available in silver and weighs 492 grams.,neutral
The battery backup has terrible performance!,negative
The customer support produces exceptionally comfortable performance!,positive
The screen has abysmal performance!,negative
The shipment to Mumbai weighs around 268 grams.,neutral
I am completely happy with the amazing phone.,positive
An wonderful phone with really wonderful quality!,positive
The performance has truly overpriced performance!,negative
I am really happy with the comfortable meal.,positive
The shipment to Tokyo weighs around 274 grams.,neutral
The delivery is awesome and exceeded all my expectations.,positive
The product is available in white and weighs 166 grams.,neutral
The shipment to London weighs around 313 grams.,neutral
This comfort causes constant crashes and bugs and feels exceptionally dreadful.,negative
I am truly happy with the incredible storyline.,positive
The product is available in green and weighs 201 grams.,neutral
A clunky shoes with truly clunky quality!,negative
The laptop has absolutely tasteless performance!,negative
The hotel room contains a setup guide and a monitor.,neutral
This performance deserves five stars and feels exceptionally great.,positive
The hotel has truly poor performance!,negative
The product is available in blue and weighs 458 grams.,neutral
A annoying packaging with extremely annoying quality!,negative
The product is available in silver and weighs 56 grams.,neutral
The shipment to Mumbai weighs around 337 grams.,neutral
The shipment to Paris weighs around 496 grams.,neutral
The shoes produces incredibly wonderful performance!,positive
The comfort has absolutely useless performance!,negative
This laptop broke on the first day and feels extremely atrocious.,negative
The product is available in grey and weighs 96 grams.,neutral
I am exceptionally unhappy with the horrible service.,negative
An outstanding display with truly outstanding quality!,positive
The library operates from 9 AM to 8 PM on Mondays.,neutral
I am totally happy with the impressive acting.,positive
I am super unhappy with the broken screen.,negative
I am really unhappy with the substandard packaging.,negative
The flight is completely delightful and works like a charm.,positive
The images is excellent and is worth every penny.,positive
I am exceptionally happy with the remarkable performance.,positive
The room is really worthless and causes constant crashes and bugs.,negative
The product is available in blue and weighs 361 grams.,neutral
I am completely happy with the extraordinary camera.,positive
I am truly unhappy with the miserable display.,negative
The hotel is absolutely miserable and is completely unhelpful and rude.,negative
The product is available in red and weighs 489 grams.,neutral
The app has completely substandard performance!,negative
The product is available in grey and weighs 90 grams.,neutral
The performance produces very first-class performance!,positive
An amazing packaging with very amazing quality!,positive
The product is available in grey and weighs 7 grams.,neutral
I am very happy with the solid comfort.,positive
This hotel fit true to size and feel light and feels phenomenal.,positive
This food stopped working after two days and feels poor.,negative
The shipment to Paris weighs around 142 grams.,neutral
The shipment to Sydney weighs around 207 grams.,neutral
The service is totally unreliable and gave me a headache.,negative
The hotel room contains a extra straps and a book.,neutral
The product is available in red and weighs 171 grams.,neutral
The shipment to Berlin weighs around 405 grams.,neutral
I am absolutely happy with the durable room.,positive
The product is available in black and weighs 67 grams.,neutral
The product is available in white and weighs 14 grams.,neutral
I am really happy with the lovely flight.,positive
The shipment to London weighs around 258 grams.,neutral
The shipment to Tokyo weighs around 109 grams.,neutral
The phone produces very flawless performance!,positive
The service is really awful and is a complete waste of money.,negative
The shipment to Toronto weighs around 479 grams.,neutral
The schedule is super crisp and makes life so much easier.,positive
I am very unhappy with the unhelpful packaging.,negative
The shipment is truly unacceptable and flickers constantly and overheats quickly.,negative
The screen is extremely extraordinary and runs flawlessly.,positive
This shoes is worth every penny and feels incredibly terrific.,positive
The shipment to Singapore weighs around 350 grams.,neutral
The comfort is completely comfortable and is top quality.,positive
The comfort is defective and is a complete waste of money.,negative
I am truly unhappy with the substandard camera.,negative
The shipment to Mumbai weighs around 452 grams.,neutral
I am incredibly happy with the impressive service.,positive
The product is available in silver and weighs 389 grams.,neutral
I am absolutely happy with the prompt battery life.,positive
The screen produces completely exceptional performance!,positive
A overpriced experience with incredibly overpriced quality!,negative
I am super unhappy with the annoying app.,negative
The shipment to Mumbai weighs around 357 grams.,neutral
The app is absolutely awful and stopped working after two days.,negative
An phenomenal room with super phenomenal quality!,positive
I am absolutely unhappy with the broken customer support.,negative
The acting is very fantastic and surpassed my hopes.,positive
I am super happy with the sublime battery life.,positive
An extraordinary build quality with completely extraordinary quality!,positive
A cold battery backup with completely cold quality!,negative
The product is available in silver and weighs 441 grams.,neutral
The manual produces truly top-notch performance!,positive
This experience is completely unhelpful and rude and feels incredibly faulty.,negative
An lovely delivery with completely lovely quality!,positive
The shipment to London weighs around 169 grams.,neutral
The acting has truly buggy performance!,negative
I am completely unhappy with the defective flight.,negative
The room has really buggy performance!,negative
An extraordinary laptop with very extraordinary quality!,positive
The product is available in red and weighs 351 grams.,neutral
A flawed hotel with absolutely flawed quality!,negative
The shipment produces super amazing performance!,positive
The shoes has exceptionally cold performance!,negative
I am truly unhappy with the useless battery life.,negative
The schedule produces stellar performance!,positive
A unreliable shipment with totally unreliable quality!,negative
I am happy with the crisp app.,positive
The product is available in grey and weighs 147 grams.,neutral
This manual is worth every penny and feels durable.,positive
The product is available in blue and weighs 181 grams.,neutral
The laptop is extremely broken and is a complete waste of money.,negative
This experience works like a charm and feels totally impressive.,positive
The screen is totally comfortable and works like a charm.,positive
The shipment to Tokyo weighs around 186 grams.,neutral
A buggy flight with buggy quality!,negative
The product is available in grey and weighs 126 grams.,neutral
This acting is full of annoying bugs and feels annoying.,negative
The shipment to Tokyo weighs around 365 grams.,neutral
This shipment surpassed my hopes and feels absolutely amazing.,positive
The shipment produces truly delightful performance!,positive
The hotel room contains a power adapter and a adapter.,neutral
The build quality has really poor performance!,negative
I am super unhappy with the flawed food.,negative
This product is full of annoying bugs and feels incredibly defective.,negative
The hotel room contains a power adapter and a shirt.,neutral
The hotel room contains a warranty card and a cable.,neutral
This hotel causes constant crashes and bugs and feels very broken.,negative
The shipment to Paris weighs around 273 grams.,neutral
The product is available in silver and weighs 386 grams.,neutral
The battery life is incredibly unbeatable and deserves five stars.,positive
I am truly unhappy with the broken food.,negative
The product is available in white and weighs 193 grams.,neutral
A overpriced service with truly overpriced quality!,negative
The shipment is extremely flawless and makes life so much easier.,positive
I am very unhappy with the abysmal camera.,negative
The shipment to Chicago weighs around 403 grams.,neutral
The product is available in blue and weighs 259 grams.,neutral
I am extremely happy with the comfortable app.,positive
The shipment to Singapore weighs around 228 grams.,neutral
An exceptional flight with absolutely exceptional quality!,positive
An flawless build quality with extremely flawless quality!,positive
This camera is completely unhelpful and rude and feels truly disappointing.,negative
The shipment to London weighs around 367 grams.,neutral
The product is available in white and weighs 260 grams.,neutral
The shipment to New York weighs around 27 grams.,neutral
The shipment to Chicago weighs around 345 grams.,neutral
The shipment to Berlin weighs around 284 grams.,neutral
The shipment to Mumbai weighs around 221 grams.,neutral
The product is available in black and weighs 68 grams.,neutral
The hotel room contains a television and a watch.,neutral
This delivery surpassed my hopes and feels extraordinary.,positive
This product is worth every penny and feels very incredible.,positive
The shipment to Mumbai weighs around 468 grams.,neutral
The product is available in black and weighs 367 grams.,neutral
The shipment to Mumbai weighs around 342 grams.,neutral
The product is available in black and weighs 232 grams.,neutral
An robust app with incredibly robust quality!,positive
An brilliant experience with absolutely brilliant quality!,positive
The shipment to New York weighs around 307 grams.,neutral
I am super happy with the masterpiece images.,positive
I am extremely happy with the extraordinary storyline.,positive
I am totally happy with the fantastic screen.,positive
The shipment to Berlin weighs around 193 grams.,neutral
An exceptional acting with absolutely exceptional quality!,positive
A disappointing manual with super disappointing quality!,negative
The service produces totally excellent performance!,positive
This meal is worth every penny and feels super delightful.,positive
The experience is very lovely and exceeded all my expectations.,positive
The product is available in white and weighs 422 grams.,neutral
The shipment to London weighs around 238 grams.,neutral
The shipment to Paris weighs around 264 grams.,neutral
The product is available in grey and weighs 249 grams.,neutral
The hotel room contains a charging cable and a jacket.,neutral
The delivery has absolutely flawed performance!,negative
I am very unhappy with the defective food.,negative
An awesome room with incredibly awesome quality!,positive
The shipment to London weighs around 92 grams.,neutral
The product is available in white and weighs 179 grams.,neutral
The shipment to London weighs around 15 grams.,neutral
The hotel room contains a user manual and a book.,neutral
The shipment to Berlin weighs around 430 grams.,neutral
A useless packaging with useless quality!,negative
A worthless service with completely worthless quality!,negative
I am extremely happy with the stellar product.,positive
I am super happy with the comfortable battery backup.,positive
This shipment gave me a headache and feels exceptionally awful.,negative
A faulty room with totally faulty quality!,negative
The battery backup has incredibly shoddy performance!,negative
The experience produces really flawless performance!,positive
The screen is truly shoddy and is full of annoying bugs.,negative
The product is available in grey and weighs 361 grams.,neutral
The storyline produces completely excellent performance!,positive
The shipment to Singapore weighs around 179 grams.,neutral
The display is very dreadful and is full of annoying bugs.,negative
I am happy with the first-class camera.,positive
A tasteless schedule with tasteless quality!,negative
This build quality stopped working after two days and feels incredibly horrible.,negative
The shipment to London weighs around 310 grams.,neutral
The product is available in blue and weighs 194 grams.,neutral
The product is available in grey and weighs 439 grams.,neutral
The shipment to Paris weighs around 176 grams.,neutral
The shipment to New York weighs around 99 grams.,neutral
The phone is completely superb and surpassed my hopes.,positive
This app deserves five stars and feels incredibly extraordinary.,positive
The product is available in silver and weighs 448 grams.,neutral
The display is exceptionally excellent and runs flawlessly.,positive
I am completely happy with the extraordinary packaging.,positive
A faulty phone with super faulty quality!,negative
The shipment to New York weighs around 229 grams.,neutral
The product is available in green and weighs 360 grams.,neutral
The shipment to Singapore weighs around 254 grams.,neutral
I am super unhappy with the frustrating manual.,negative
The delivery produces brilliant performance!,positive
The product is available in blue and weighs 444 grams.,neutral
The product is available in black and weighs 342 grams.,neutral
I am very unhappy with the tasteless schedule.,negative
The product is available in grey and weighs 254 grams.,neutral
The shipment to Singapore weighs around 242 grams.,neutral
The schedule has exceptionally disappointing performance!,negative
I am truly unhappy with the miserable app.,negative
This customer support gave me a headache and feels truly atrocious.,negative
The battery life is clunky and is full of annoying bugs.,negative
The product is available in silver and weighs 235 grams.,neutral
An solid customer support with really solid quality!,positive
The product is available in white and weighs 220 grams.,neutral
The packaging is extremely incredible and surpassed my hopes.,positive
This room broke on the first day and feels totally broken.,negative
The acting produces incredibly masterpiece performance!,positive
A terrible comfort with completely terrible quality!,negative
I am super happy with the superb images.,positive
The product is available in black and weighs 124 grams.,neutral
A clunky shoes with exceptionally clunky quality!,negative
The shipment to Mumbai weighs around 147 grams.,neutral
The product is available in grey and weighs 495 grams.,neutral
The shipment to Toronto weighs around 287 grams.,neutral
The product is available in black and weighs 267 grams.,neutral
The product is available in red and weighs 21 grams.,neutral
I am super unhappy with the clunky images.,negative
An fantastic room with incredibly fantastic quality!,positive
I am super unhappy with the dreadful manual.,negative
The shipment to Mumbai weighs around 212 grams.,neutral
The hotel has totally dreadful performance!,negative
The product is available in grey and weighs 248 grams.,neutral
The hotel room contains a power adapter and a keyboard.,neutral
The acting has absolutely abysmal performance!,negative
The product is available in red and weighs 434 grams.,neutral
This comfort is worth every penny and feels really delightful.,positive
This food is a delight to use and feels incredibly remarkable.,positive
I am completely happy with the amazing packaging.,positive
The product is available in red and weighs 16 grams.,neutral
The flight is extremely disappointing and is full of annoying bugs.,negative
A useless service with extremely useless quality!,negative
The shipment to Singapore weighs around 269 grams.,neutral
I am incredibly unhappy with the unhelpful schedule.,negative
The hotel room contains a television and a monitor.,neutral
I am super happy with the superb laptop.,positive
I am totally unhappy with the faulty acting.,negative
The meal is extremely buggy and causes constant crashes and bugs.,negative
The experience is very unacceptable and flickers constantly and overheats quickly.,negative
I am unhappy with the faulty app.,negative
The battery backup has truly atrocious performance!,negative
This shipment is full of annoying bugs and feels poor.,negative
The hotel room contains a warranty card and a keyboard.,neutral
The hotel is truly unreliable and broke on the first day.,negative
This acting exceeded all my expectations and feels absolutely extraordinary.,positive
An delightful laptop with very delightful quality!,positive
I am completely unhappy with the dreadful comfort.,negative
The schedule has useless performance!,negative
This experience flickers constantly and overheats quickly and feels totally unacceptable.,negative
The display has completely horrible performance!,negative
The display produces very awesome performance!,positive
The battery life is super faulty and broke on the first day.,negative
An sublime room with totally sublime quality!,positive
I am really happy with the incredible flight.,positive
The shipment to Sydney weighs around 49 grams.,neutral
The shipment to Paris weighs around 392 grams.,neutral
The shipment to Sydney weighs around 105 grams.,neutral
The shipment to Berlin weighs around 168 grams.,neutral
I am happy with the masterpiece food.,positive
The laptop has completely tasteless performance!,negative
This packaging is a complete waste of money and feels very awful.,negative
The product is available in white and weighs 183 grams.,neutral
The storyline has truly cold performance!,negative
This storyline fit true to size and feel light and feels solid.,positive
The product is available in silver and weighs 255 grams.,neutral
The phone produces very phenomenal performance!,positive
The shipment to Berlin weighs around 184 grams.,neutral
I am unhappy with the useless delivery.,negative
The hotel room contains a user manual and a camera.,neutral
The shipment to New York weighs around 468 grams.,neutral
The product produces extremely incredible performance!,positive
An top-notch product with exceptionally top-notch quality!,positive
A annoying room with very annoying quality!,negative
The shipment to London weighs around 442 grams.,neutral
The screen produces incredibly masterpiece performance!,positive
The product is available in blue and weighs 341 grams.,neutral
The hotel room contains a carrying case and a router.,neutral
The battery backup produces incredibly phenomenal performance!,positive
The schedule is exceptionally sublime and is worth every penny.,positive
The comfort produces absolutely excellent performance!,positive
I am completely unhappy with the clunky acting.,negative
I am absolutely unhappy with the abysmal phone.,negative
A tasteless food with incredibly tasteless quality!,negative
The shipment to Chicago weighs around 195 grams.,neutral
The storyline is very buggy and is a complete waste of money.,negative
The product is available in green and weighs 297 grams.,neutral
The product is available in blue and weighs 72 grams.,neutral
The product is available in green and weighs 246 grams.,neutral
I am unhappy with the shoddy room.,negative
An top-notch customer support with top-notch quality!,positive
This comfort is top quality and feels delightful.,positive
I am completely happy with the masterpiece experience.,positive
The shipment to Chicago weighs around 190 grams.,neutral
The product produces truly robust performance!,positive
I am truly unhappy with the defective shipment.,negative
The shipment is truly superb and runs flawlessly.,positive
I am totally happy with the robust camera.,positive
I am incredibly unhappy with the useless performance.,negative
The hotel room contains a power adapter and a cable.,neutral
The shipment to Toronto weighs around 175 grams.,neutral
An fantastic manual with completely fantastic quality!,positive
This hotel is completely unhelpful and rude and feels super annoying.,negative
I am completely happy with the masterpiece delivery.,positive
An impressive room with completely impressive quality!,positive
A rude shipment with really rude quality!,negative
The battery backup is impressive and makes life so much easier.,positive
An unbeatable comfort with extremely unbeatable quality!,positive
This storyline deserves five stars and feels super wonderful.,positive
The manual is super overpriced and gave me a headache.,negative
This acting causes constant crashes and bugs and feels exceptionally substandard.,negative
An superb manual with very superb quality!,positive
This product causes constant crashes and bugs and feels truly shoddy.,negative
The service has extremely rude performance!,negative
The shipment is truly prompt and surpassed my hopes.,positive
The product is available in black and weighs 457 grams.,neutral
I am extremely happy with the great build quality.,positive
The shipment to London weighs around 190 grams.,neutral
The product is available in green and weighs 447 grams.,neutral
This app is a delight to use and feels super extraordinary.,positive
The shipment to Paris weighs around 467 grams.,neutral
I am extremely happy with the excellent experience.,positive
An brilliant shipment with exceptionally brilliant quality!,positive
A overpriced shoes with absolutely overpriced quality!,negative
I am incredibly happy with the brilliant shoes.,positive
I am really unhappy with the defective food.,negative
This manual flickers constantly and overheats quickly and feels completely faulty.,negative
I am happy with the wonderful app.,positive
The shipment to Sydney weighs around 171 grams.,neutral
This storyline makes life so much easier and feels super crisp.,positive
The shipment to Toronto weighs around 376 grams.,neutral
This storyline deserves five stars and feels absolutely extraordinary.,positive
The product is available in black and weighs 168 grams.,neutral
I am really happy with the solid performance.,positive
I am extremely unhappy with the unhelpful shoes.,negative
This display broke on the first day and feels completely rude.,negative
This schedule works like a charm and feels very exceptional.,positive
The delivery is really dreadful and is full of annoying bugs.,negative
The flight is absolutely poor and is full of annoying bugs.,negative
A useless hotel with truly useless quality!,negative
I am happy with the brilliant service.,positive
The schedule is very faulty and is completely unhelpful and rude.,negative
The flight produces totally excellent performance!,positive
The storyline produces very first-class performance!,positive
The shipment to Chicago weighs around 43 grams.,neutral
The service has horrible performance!,negative
I am incredibly happy with the flawless performance.,positive
A unhelpful flight with unhelpful quality!,negative
I am incredibly unhappy with the worthless customer support.,negative
The product is available in white and weighs 204 grams.,neutral
An incredible shoes with truly incredible quality!,positive
The product is available in green and weighs 328 grams.,neutral
The camera is extremely wonderful and runs flawlessly.,positive
The shipment to Chicago weighs around 470 grams.,neutral
The packaging is really fantastic and exceeded all my expectations.,positive
An first-class camera with extremely first-class quality!,positive
An wonderful customer support with exceptionally wonderful quality!,positive
The shipment to Tokyo weighs around 457 grams.,neutral
I am totally happy with the great shoes.,positive
The shipment to Chicago weighs around 261 grams.,neutral
The hotel room contains a power adapter and a monitor.,neutral
I am completely unhappy with the horrible packaging.,negative
The hotel room contains a power adapter and a router.,neutral
This laptop fit true to size and feel light and feels very extraordinary.,positive
The storyline is completely wonderful and is top quality.,positive
The comfort is extremely superb and is worth every penny.,positive
The product is available in green and weighs 394 grams.,neutral
The product is very defective and flickers constantly and overheats quickly.,negative
This storyline runs flawlessly and feels exceptionally outstanding.,positive
A shoddy app with exceptionally shoddy quality!,negative
The phone produces super awesome performance!,positive
The product is available in blue and weighs 130 grams.,neutral
The room is truly durable and surpassed my hopes.,positive
This meal fit true to size and feel light and feels absolutely phenomenal.,positive
The manual has completely unacceptable performance!,negative
The shipment to Toronto weighs around 237 grams.,neutral
An masterpiece performance with masterpiece quality!,positive
The package arrived on Monday morning.,neutral
I am really unhappy with the abysmal performance.,negative
The product is available in white and weighs 423 grams.,neutral
The hotel room contains a double bed and a router.,neutral
The shipment to London weighs around 58 grams.,neutral
I am super happy with the solid experience.,positive
The acting is completely clunky and gave me a headache.,negative
The shipment to Berlin weighs around 161 grams.,neutral
The laptop is very terrible and causes constant crashes and bugs.,negative
This shoes is a delight to use and feels exceptionally excellent.,positive
The comfort is incredibly extraordinary and surpassed my hopes.,positive
A cold comfort with completely cold quality!,negative
This storyline exceeded all my expectations and feels super superb.,positive
The shipment to Chicago weighs around 57 grams.,neutral
The product is available in red and weighs 484 grams.,neutral
An impressive phone with very impressive quality!,positive
The product is available in white and weighs 462 grams.,neutral
The product is available in red and weighs 50 grams.,neutral
This room deserves five stars and feels exceptionally delightful.,positive
The laptop is extremely unacceptable and is full of annoying bugs.,negative
The room is truly dreadful and causes constant crashes and bugs.,negative
I am really unhappy with the substandard product.,negative
An amazing customer support with absolutely amazing quality!,positive
The experience is completely unhelpful and is completely unhelpful and rude.,negative
The shipment to Chicago weighs around 352 grams.,neutral
I am truly unhappy with the unreliable screen.,negative
This shipment gave me a headache and feels extremely worthless.,negative
The shipment to Sydney weighs around 443 grams.,neutral
The experience produces extremely flawless performance!,positive
The product is available in silver and weighs 212 grams.,neutral
The shipment to New York weighs around 142 grams.,neutral
The shipment to Tokyo weighs around 285 grams.,neutral
The product is available in black and weighs 458 grams.,neutral
This meal causes constant crashes and bugs and feels faulty.,negative
The product is available in green and weighs 107 grams.,neutral
The shipment to Paris weighs around 284 grams.,neutral
The product is available in silver and weighs 224 grams.,neutral
The shipment to Paris weighs around 265 grams.,neutral
This battery backup broke on the first day and feels super defective.,negative
The experience has completely defective performance!,negative
This customer support exceeded all my expectations and feels completely flawless.,positive
The product is available in green and weighs 462 grams.,neutral
The comfort is comfortable and fit true to size and feel light.,positive
This phone flickers constantly and overheats quickly and feels incredibly unacceptable.,negative
I am extremely happy with the brilliant performance.,positive
I am extremely happy with the extraordinary screen.,positive
The product is available in black and weighs 488 grams.,neutral
I am super happy with the solid flight.,positive
This shipment exceeded all my expectations and feels super phenomenal.,positive
The hotel room contains a warranty card and a chair.,neutral
A faulty packaging with totally faulty quality!,negative
I am completely happy with the lovely battery backup.,positive
The library operates from 9 AM to 8 PM on Saturdays.,neutral
The phone is absolutely atrocious and is a complete waste of money.,negative
I am completely happy with the masterpiece app.,positive
The shipment to London weighs around 377 grams.,neutral
I am truly happy with the wonderful delivery.,positive
The laptop produces completely flawless performance!,positive
The battery life is absolutely horrible and causes constant crashes and bugs.,negative
I am totally unhappy with the useless schedule.,negative
The shipment to Paris weighs around 308 grams.,neutral
The battery life is absolutely awesome and exceeded all my expectations.,positive
I am totally unhappy with the substandard build quality.,negative
The product is available in black and weighs 72 grams.,neutral
This manual broke on the first day and feels abysmal.,negative
The product is available in blue and weighs 244 grams.,neutral
The acting produces super amazing performance!,positive
The experience is totally exceptional and fit true to size and feel light.,positive
The product is available in silver and weighs 6 grams.,neutral
The app is very impressive and exceeded all my expectations.,positive
The hotel is incredibly disappointing and broke on the first day.,negative
I am exceptionally happy with the outstanding schedule.,positive
The product is available in silver and weighs 193 grams.,neutral
An wonderful app with extremely wonderful quality!,positive
The product is available in blue and weighs 161 grams.,neutral
The screen has super clunky performance!,negative
The build quality is truly awful and stopped working after two days.,negative
The shipment to Mumbai weighs around 328 grams.,neutral
I am truly unhappy with the dreadful experience.,negative
The product is available in silver and weighs 27 grams.,neutral
The images has absolutely unacceptable performance!,negative
I am totally happy with the incredible battery life.,positive
I am totally unhappy with the faulty build quality.,negative
The shipment to Chicago weighs around 24 grams.,neutral
I am truly happy with the flawless phone.,positive
The shipment to Singapore weighs around 22 grams.,neutral
The shipment to Singapore weighs around 70 grams.,neutral
The shipment to London weighs around 400 grams.,neutral
The shipment to Tokyo weighs around 249 grams.,neutral
The shipment to Sydney weighs around 1 grams.,neutral
The shipment to Sydney weighs around 369 grams.,neutral
The product is available in grey and weighs 414 grams.,neutral
The product has extremely terrible performance!,negative
The product is available in red and weighs 456 grams.,neutral
I am exceptionally happy with the robust performance.,positive
The battery life has really overpriced performance!,negative
The build quality has truly annoying performance!,negative
I am truly unhappy with the poor build quality.,negative
The shoes produces truly wonderful performance!,positive
The shipment to Toronto weighs around 348 grams.,neutral
This comfort surpassed my hopes and feels really unbeatable.,positive
An outstanding screen with very outstanding quality!,positive
The experience has exceptionally annoying performance!,negative
The room has totally unreliable performance!,negative
The product is available in green and weighs 300 grams.,neutral
The product is available in white and weighs 1 grams.,neutral
The product has completely unhelpful performance!,negative
The hotel room contains a double bed and a jacket.,neutral
The packaging is truly broken and is a complete waste of money.,negative
The product is available in grey and weighs 162 grams.,neutral
This camera flickers constantly and overheats quickly and feels completely unacceptable.,negative
An phenomenal battery life with absolutely phenomenal quality!,positive
The phone has truly disappointing performance!,negative
A faulty battery life with extremely faulty quality!,negative
An impressive display with extremely impressive quality!,positive
The product is available in grey and weighs 478 grams.,neutral
The app has really defective performance!,negative
The comfort produces incredibly durable performance!,positive
This packaging causes constant crashes and bugs and feels super flawed.,negative
This flight exceeded all my expectations and feels completely remarkable.,positive
The shipment to New York weighs around 470 grams.,neutral
A disappointing flight with disappointing quality!,negative
The phone has extremely flawed performance!,negative
I am super unhappy with the shoddy app.,negative
The shipment to London weighs around 475 grams.,neutral
The product is available in grey and weighs 273 grams.,neutral
The comfort is very unhelpful and causes constant crashes and bugs.,negative
The product is available in green and weighs 487 grams.,neutral
The hotel room contains a television and a smartphone.,neutral
I am completely unhappy with the poor packaging.,negative
The shipment to London weighs around 220 grams.,neutral
The experience is extremely annoying and is a complete waste of money.,negative
An phenomenal hotel with absolutely phenomenal quality!,positive
I am totally unhappy with the dreadful product.,negative
A clunky acting with completely clunky quality!,negative
The shipment to Toronto weighs around 448 grams.,neutral
This meal runs flawlessly and feels exceptionally brilliant.,positive
I am very happy with the prompt customer support.,positive
The shipment to Sydney weighs around 469 grams.,neutral
The battery backup has totally worthless performance!,negative
I am absolutely unhappy with the miserable manual.,negative
The room is incredibly worthless and causes constant crashes and bugs.,negative
I am incredibly happy with the awesome delivery.,positive
A awful flight with very awful quality!,negative
I am happy with the durable product.,positive
The product is available in silver and weighs 359 grams.,neutral
The product is available in blue and weighs 494 grams.,neutral
The camera is very faulty and is a complete waste of money.,negative
The storyline produces completely lovely performance!,positive
The shipment to Sydney weighs around 426 grams.,neutral
I am truly happy with the stellar laptop.,positive
The customer support produces absolutely durable performance!,positive
The shipment to Paris weighs around 91 grams.,neutral
I am incredibly happy with the phenomenal app.,positive
This experience stopped working after two days and feels totally flawed.,negative
The shipment to Singapore weighs around 432 grams.,neutral
An remarkable app with extremely remarkable quality!,positive
The shoes produces super impressive performance!,positive
The product is available in green and weighs 137 grams.,neutral
The product is available in silver and weighs 84 grams.,neutral
I am completely happy with the terrific phone.,positive
The hotel produces sublime performance!,positive
The service has truly abysmal performance!,negative
The shipment has totally atrocious performance!,negative
The product is available in white and weighs 176 grams.,neutral
This product surpassed my hopes and feels great.,positive
This product runs flawlessly and feels super fantastic.,positive
The hotel room contains a warranty card and a book.,neutral
I am very unhappy with the defective delivery.,negative
I am absolutely happy with the robust delivery.,positive
I am extremely happy with the durable delivery.,positive
An solid service with super solid quality!,positive
This build quality is full of annoying bugs and feels totally disappointing.,negative
The manual is truly exceptional and works like a charm.,positive
The product is available in blue and weighs 24 grams.,neutral
The shipment to New York weighs around 480 grams.,neutral
The build quality is totally shoddy and is full of annoying bugs.,negative
The product is available in green and weighs 324 grams.,neutral
The shipment to Chicago weighs around 113 grams.,neutral
The meal produces really durable performance!,positive
The product is available in white and weighs 474 grams.,neutral
The product is available in red and weighs 156 grams.,neutral
An comfortable experience with completely comfortable quality!,positive
A rude hotel with really rude quality!,negative
This camera gave me a headache and feels totally flawed.,negative
The product is available in black and weighs 118 grams.,neutral
The product is available in red and weighs 461 grams.,neutral
The display is absolutely sublime and is a delight to use.,positive
The shipment to Paris weighs around 336 grams.,neutral
The product is available in red and weighs 445 grams.,neutral
I am absolutely happy with the lovely display.,positive
The product is available in silver and weighs 146 grams.,neutral
The product is available in blue and weighs 28 grams.,neutral
I am super unhappy with the abysmal comfort.,negative
The manual produces absolutely unbeatable performance!,positive
The shipment to Sydney weighs around 350 grams.,neutral
The performance is extremely top-notch and deserves five stars.,positive
This product causes constant crashes and bugs and feels totally clunky.,negative
The storyline produces completely impressive performance!,positive
The shipment to Berlin weighs around 293 grams.,neutral
The comfort produces extremely phenomenal performance!,positive
An first-class customer support with very first-class quality!,positive
The performance is totally sublime and exceeded all my expectations.,positive
An fantastic camera with super fantastic quality!,positive
The shipment to Mumbai weighs around 263 grams.,neutral
The battery backup has totally unacceptable performance!,negative
A abysmal storyline with truly abysmal quality!,negative
This food is completely unhelpful and rude and feels super miserable.,negative
The experience is incredibly outstanding and fit true to size and feel light.,positive
I am exceptionally happy with the fantastic screen.,positive
The hotel room contains a warranty card and a watch.,neutral
The phone is really delightful and exceeded all my expectations.,positive
The product is available in white and weighs 380 grams.,neutral
This storyline fit true to size and feel light and feels extremely crisp.,positive
The laptop produces extremely lovely performance!,positive
I am unhappy with the atrocious screen.,negative
The shipment to Sydney weighs around 111 grams.,neutral
The product is available in grey and weighs 234 grams.,neutral
The product is extremely incredible and surpassed my hopes.,positive
The shipment to New York weighs around 416 grams.,neutral
An great schedule with absolutely great quality!,positive
A worthless manual with extremely worthless quality!,negative
The shipment to New York weighs around 241 grams.,neutral
This camera fit true to size and feel light and feels truly awesome.,positive
The hotel room contains a carrying case and a shirt.,neutral
The schedule produces extraordinary performance!,positive
The hotel room contains a carrying case and a keyboard.,neutral
The product is available in white and weighs 391 grams.,neutral
The manual is very durable and exceeded all my expectations.,positive
The shipment to Paris weighs around 204 grams.,neutral
A atrocious comfort with exceptionally atrocious quality!,negative
The storyline produces totally excellent performance!,positive
The shipment to Toronto weighs around 163 grams.,neutral
The product is available in green and weighs 457 grams.,neutral
The shipment to Mumbai weighs around 261 grams.,neutral
The shipment to Chicago weighs around 241 grams.,neutral
I am extremely unhappy with the terrible shoes.,negative
The product is available in red and weighs 70 grams.,neutral
The product is available in white and weighs 425 grams.,neutral
The product is available in black and weighs 95 grams.,neutral
The shipment to Tokyo weighs around 84 grams.,neutral
The customer support produces very sublime performance!,positive
The meal is incredibly first-class and is top quality.,positive
This schedule is top quality and feels extremely exceptional.,positive
The service has absolutely terrible performance!,negative
I am happy with the top-notch delivery.,positive
The hotel room contains a charging cable and a smartphone.,neutral
The product is available in blue and weighs 491 grams.,neutral
The experience produces incredibly masterpiece performance!,positive
The shipment to Berlin weighs around 364 grams.,neutral
The product is available in silver and weighs 305 grams.,neutral
The acting is very incredible and runs flawlessly.,positive
The shipment to Berlin weighs around 24 grams.,neutral
An lovely images with exceptionally lovely quality!,positive
I am exceptionally unhappy with the flawed shoes.,negative
The shipment to Chicago weighs around 167 grams.,neutral
The schedule is super crisp and runs flawlessly.,positive
A dreadful shoes with absolutely dreadful quality!,negative
The performance produces very exceptional performance!,positive
I am happy with the awesome performance.,positive
The shipment to Singapore weighs around 149 grams.,neutral
The shipment to Singapore weighs around 279 grams.,neutral
The screen has really dreadful performance!,negative
The product is available in silver and weighs 422 grams.,neutral
This laptop is worth every penny and feels completely brilliant.,positive
A tasteless camera with exceptionally tasteless quality!,negative
The manual is rude and is full of annoying bugs.,negative
This manual deserves five stars and feels robust.,positive
The service has substandard performance!,negative
The hotel room contains a extra straps and a monitor.,neutral
The product is available in black and weighs 264 grams.,neutral
A awful meal with totally awful quality!,negative
The battery backup produces totally first-class performance!,positive
An robust food with very robust quality!,positive
This comfort is a delight to use and feels truly superb.,positive
The product is available in green and weighs 338 grams.,neutral
An incredible storyline with very incredible quality!,positive
The hotel room contains a user manual and a monitor.,neutral
A defective acting with totally defective quality!,negative
The app produces truly solid performance!,positive
The hotel room contains a warranty card and a router.,neutral
The shipment to Singapore weighs around 330 grams.,neutral
This camera causes constant crashes and bugs and feels absolutely unreliable.,negative
The shipment to Singapore weighs around 274 grams.,neutral
A overpriced flight with really overpriced quality!,negative
The shipment to Paris weighs around 5 grams.,neutral
The shipment to Toronto weighs around 117 grams.,neutral
An outstanding battery backup with super outstanding quality!,positive
The product is available in black and weighs 202 grams.,neutral
The acting has extremely miserable performance!,negative
This build quality gave me a headache and feels totally cold.,negative
The product is available in black and weighs 405 grams.,neutral
The product is available in black and weighs 181 grams.,neutral
The shipment to New York weighs around 107 grams.,neutral
The meal is truly atrocious and is a complete waste of money.,negative
This service deserves five stars and feels very phenomenal.,positive
I am truly happy with the solid build quality.,positive
I am absolutely happy with the superb camera.,positive
A clunky delivery with super clunky quality!,negative
The hotel room contains a power adapter and a chair.,neutral
The performance produces super flawless performance!,positive
A shoddy shoes with extremely shoddy quality!,negative
This meal deserves five stars and feels absolutely superb.,positive
I am unhappy with the rude packaging.,negative
The experience is exceptionally clunky and flickers constantly and overheats quickly.,negative
The hotel room contains a setup guide and a headphone.,neutral
The product is available in grey and weighs 93 grams.,neutral
The room produces completely flawless performance!,positive
A flawed experience with truly flawed quality!,negative
The display is really unreliable and is a complete waste of money.,negative
The food produces absolutely durable performance!,positive
The shipment to Toronto weighs around 95 grams.,neutral
This customer support is full of annoying bugs and feels really disappointing.,negative
The shipment to Sydney weighs around 488 grams.,neutral
The shipment to Tokyo weighs around 444 grams.,neutral
The shipment to Berlin weighs around 22 grams.,neutral
The laptop has truly terrible performance!,negative
The product is available in grey and weighs 416 grams.,neutral
I am truly unhappy with the buggy comfort.,negative
I am extremely happy with the extraordinary app.,positive
The room is incredibly top-notch and is worth every penny.,positive
The product is available in white and weighs 264 grams.,neutral
The hotel room contains a extra straps and a headphone.,neutral
This schedule causes constant crashes and bugs and feels super rude.,negative
The flight produces completely phenomenal performance!,positive
The delivery produces truly crisp performance!,positive
The shoes produces very crisp performance!,positive
I am totally happy with the comfortable shoes.,positive
The shipment to New York weighs around 467 grams.,neutral
The product is available in black and weighs 176 grams.,neutral
An robust acting with absolutely robust quality!,positive
The screen is totally atrocious and is completely unhelpful and rude.,negative
The shipment to Mumbai weighs around 178 grams.,neutral
The hotel room contains a extra straps and a smartphone.,neutral
I am truly unhappy with the abysmal battery life.,negative
The hotel room contains a charging cable and a router.,neutral
The display has rude performance!,negative
This shoes is worth every penny and feels really superb.,positive
The experience has absolutely faulty performance!,negative
The product is available in blue and weighs 113 grams.,neutral
The display is extraordinary and exceeded all my expectations.,positive
The shipment to New York weighs around 396 grams.,neutral
The shipment to Paris weighs around 243 grams.,neutral
The shipment to Tokyo weighs around 450 grams.,neutral
The shipment to Sydney weighs around 381 grams.,neutral
The shipment to Sydney weighs around 268 grams.,neutral
The product is available in blue and weighs 230 grams.,neutral
I am happy with the lovely performance.,positive
The shipment to London weighs around 440 grams.,neutral
This laptop works like a charm and feels truly extraordinary.,positive
I am totally happy with the impressive comfort.,positive
This battery life deserves five stars and feels truly superb.,positive
The product is available in blue and weighs 196 grams.,neutral
An awesome battery life with really awesome quality!,positive
The hotel room contains a warranty card and a jacket.,neutral
The shipment to London weighs around 49 grams.,neutral
The product is available in black and weighs 227 grams.,neutral
This meal is completely unhelpful and rude and feels completely unhelpful.,negative
The comfort produces very robust performance!,positive
I am incredibly unhappy with the dreadful app.,negative
A shoddy flight with truly shoddy quality!,negative
The product is available in black and weighs 189 grams.,neutral
The hotel room contains a extra straps and a keyboard.,neutral
This screen is a complete waste of money and feels absolutely abysmal.,negative
A overpriced storyline with exceptionally overpriced quality!,negative
I am really happy with the wonderful flight.,positive
The shipment to Berlin weighs around 399 grams.,neutral
The shipment to Chicago weighs around 174 grams.,neutral
The product is available in grey and weighs 132 grams.,neutral
The room produces exceptionally phenomenal performance!,positive
A substandard acting with totally substandard quality!,negative
The camera is extremely top-notch and is worth every penny.,positive
An terrific product with really terrific quality!,positive
The product is available in white and weighs 371 grams.,neutral
This food gave me a headache and feels really frustrating.,negative
The product is available in red and weighs 17 grams.,neutral
This phone is full of annoying bugs and feels truly unacceptable.,negative
The product is available in silver and weighs 239 grams.,neutral
A defective packaging with defective quality!,negative
This shipment is a delight to use and feels completely great.,positive
The packaging has super rude performance!,negative
A useless meal with extremely useless quality!,negative
The service produces truly brilliant performance!,positive
A rude room with completely rude quality!,negative
The manual produces comfortable performance!,positive
This storyline is worth every penny and feels truly wonderful.,positive
I am very happy with the remarkable product.,positive
The manual is exceptionally defective and causes constant crashes and bugs.,negative
This phone is full of annoying bugs and feels truly rude.,negative
The hotel room contains a setup guide and a cable.,neutral
The shipment to Berlin weighs around 226 grams.,neutral
The hotel room contains a power adapter and a table.,neutral
A tasteless images with exceptionally tasteless quality!,negative
The product is available in red and weighs 487 grams.,neutral
I am super happy with the fantastic build quality.,positive
An delightful laptop with extremely delightful quality!,positive
I am truly unhappy with the terrible meal.,negative
The shipment to Paris weighs around 391 grams.,neutral
The build quality produces really fantastic performance!,positive
The screen is truly cold and is completely unhelpful and rude.,negative
The laptop is totally worthless and is a complete waste of money.,negative
The shipment to Mumbai weighs around 166 grams.,neutral
The customer support is very impressive and is worth every penny.,positive
This display stopped working after two days and feels incredibly unhelpful.,negative
The experience is very terrific and is top quality.,positive
The product is available in green and weighs 111 grams.,neutral
An outstanding product with truly outstanding quality!,positive
The product is available in red and weighs 31 grams.,neutral
A buggy display with really buggy quality!,negative
A buggy camera with incredibly buggy quality!,negative
The product is available in silver and weighs 342 grams.,neutral
An excellent laptop with completely excellent quality!,positive
The performance is extremely faulty and stopped working after two days.,negative
A worthless performance with very worthless quality!,negative
An first-class schedule with absolutely first-class quality!,positive
The room is prompt and surpassed my hopes.,positive
An great delivery with totally great quality!,positive
This customer support gave me a headache and feels super overpriced.,negative
The shipment to London weighs around 75 grams.,neutral
The product is available in black and weighs 111 grams.,neutral
The shipment to Berlin weighs around 69 grams.,neutral
This packaging fit true to size and feel light and feels truly first-class.,positive
The hotel room contains a charging cable and a headphone.,neutral
This comfort is a complete waste of money and feels exceptionally atrocious.,negative
The product is available in red and weighs 433 grams.,neutral
A poor battery life with exceptionally poor quality!,negative
The product is available in grey and weighs 182 grams.,neutral
The shoes produces super fantastic performance!,positive
The product is available in red and weighs 408 grams.,neutral
The product is available in blue and weighs 248 grams.,neutral
I am truly happy with the awesome display.,positive
The flight is completely cold and causes constant crashes and bugs.,negative
I am totally happy with the extraordinary battery life.,positive
The library operates from 9 AM to 8 PM on Thursdays.,neutral
The shipment to Mumbai weighs around 358 grams.,neutral
This phone gave me a headache and feels exceptionally frustrating.,negative
The hotel room contains a double bed and a book.,neutral
A unhelpful build quality with incredibly unhelpful quality!,negative
The shipment to New York weighs around 411 grams.,neutral
This product exceeded all my expectations and feels completely incredible.,positive
The shipment to Mumbai weighs around 233 grams.,neutral
This comfort makes life so much easier and feels incredibly brilliant.,positive
The laptop has absolutely broken performance!,negative
This room surpassed my hopes and feels truly comfortable.,positive
The product is available in grey and weighs 281 grams.,neutral
The flight is extremely lovely and works like a charm.,positive
I am truly unhappy with the unreliable service.,negative
The shipment to Berlin weighs around 465 grams.,neutral
The shipment to Berlin weighs around 374 grams.,neutral
The product is available in silver and weighs 438 grams.,neutral
This display is full of annoying bugs and feels truly annoying.,negative
The hotel room contains a setup guide and a shirt.,neutral
The product is available in blue and weighs 183 grams.,neutral
The shipment to London weighs around 53 grams.,neutral
This delivery gave me a headache and feels truly atrocious.,negative
The shipment to Singapore weighs around 101 grams.,neutral
This meal is completely unhelpful and rude and feels truly poor.,negative
The shipment to Berlin weighs around 321 grams.,neutral
I am very happy with the amazing performance.,positive
The shipment to New York weighs around 380 grams.,neutral
The screen has completely disappointing performance!,negative
I am exceptionally unhappy with the abysmal display.,negative
The shipment to Singapore weighs around 246 grams.,neutral
This storyline stopped working after two days and feels very frustrating.,negative
The app has incredibly poor performance!,negative
An superb images with totally superb quality!,positive
The hotel room contains a user manual and a router.,neutral
A faulty storyline with very faulty quality!,negative
The product is available in black and weighs 80 grams.,neutral
This meal flickers constantly and overheats quickly and feels truly cold.,negative
I am absolutely unhappy with the frustrating flight.,negative
The shoes has very buggy performance!,negative
This hotel makes life so much easier and feels absolutely prompt.,positive
This room is completely unhelpful and rude and feels absolutely disappointing.,negative
This shoes works like a charm and feels unbeatable.,positive
I am completely unhappy with the shoddy manual.,negative
The product is available in grey and weighs 79 grams.,neutral
The app produces very first-class performance!,positive
The hotel room contains a warranty card and a shirt.,neutral
The build quality is incredibly unhelpful and causes constant crashes and bugs.,negative
The build quality is useless and is a complete waste of money.,negative
The service is substandard and is a complete waste of money.,negative
The product is available in blue and weighs 430 grams.,neutral
I am totally unhappy with the clunky service.,negative
The shipment to New York weighs around 143 grams.,neutral
The product is available in black and weighs 331 grams.,neutral
The product is available in grey and weighs 451 grams.,neutral
The hotel room contains a extra straps and a router.,neutral
A cold build quality with completely cold quality!,negative
The product is available in white and weighs 362 grams.,neutral
This laptop works like a charm and feels incredibly excellent.,positive
I am happy with the stellar laptop.,positive
A abysmal battery backup with really abysmal quality!,negative
The product is available in blue and weighs 386 grams.,neutral
The customer support is dreadful and broke on the first day.,negative
The build quality is really flawless and fit true to size and feel light.,positive
The product is available in green and weighs 282 grams.,neutral
The shipment to Berlin weighs around 73 grams.,neutral
I am incredibly unhappy with the horrible camera.,negative
This product exceeded all my expectations and feels really delightful.,positive
The hotel room contains a user manual and a watch.,neutral
The product is available in red and weighs 498 grams.,neutral
The phone is absolutely miserable and is full of annoying bugs.,negative
The schedule is very fantastic and is worth every penny.,positive
An first-class storyline with incredibly first-class quality!,positive
The product is available in black and weighs 41 grams.,neutral
The product is available in red and weighs 323 grams.,neutral
The shipment to London weighs around 139 grams.,neutral
The comfort is super exceptional and runs flawlessly.,positive
The product is available in black and weighs 76 grams.,neutral
The shipment to Tokyo weighs around 342 grams.,neutral
The shipment to London weighs around 69 grams.,neutral
An delightful experience with totally delightful quality!,positive
The product is completely solid and works like a charm.,positive
The hotel room contains a double bed and a headphone.,neutral
The product is available in black and weighs 170 grams.,neutral
The hotel produces really delightful performance!,positive
The customer support is buggy and causes constant crashes and bugs.,negative
An sublime battery life with sublime quality!,positive
I am really unhappy with the cold screen.,negative
I am incredibly happy with the stellar hotel.,positive
The product has truly abysmal performance!,negative
The display is super awesome and works like a charm.,positive
A unacceptable hotel with very unacceptable quality!,negative
The room is truly unhelpful and flickers constantly and overheats quickly.,negative
The laptop is exceptionally exceptional and is top quality.,positive
The flight produces incredibly stellar performance!,positive
I am exceptionally unhappy with the tasteless display.,negative
The shipment to New York weighs around 421 grams.,neutral
The acting produces truly wonderful performance!,positive
The hotel room contains a warranty card and a adapter.,neutral
The packaging produces totally unbeatable performance!,positive
The food is absolutely unreliable and causes constant crashes and bugs.,negative
The product is available in silver and weighs 340 grams.,neutral
The battery backup has completely disappointing performance!,negative
A annoying customer support with incredibly annoying quality!,negative
A atrocious laptop with very atrocious quality!,negative
An remarkable room with totally remarkable quality!,positive
This comfort exceeded all my expectations and feels absolutely wonderful.,positive
The shipment produces extremely phenomenal performance!,positive
The screen is very worthless and is completely unhelpful and rude.,negative
An excellent customer support with incredibly excellent quality!,positive
A atrocious flight with atrocious quality!,negative
This schedule fit true to size and feel light and feels absolutely solid.,positive
The shoes produces durable performance!,positive
The app produces incredibly amazing performance!,positive
The flight is extremely tasteless and stopped working after two days.,negative
I am very unhappy with the miserable acting.,negative
The battery backup produces incredibly amazing performance!,positive
The shoes produces superb performance!,positive
The delivery has completely flawed performance!,negative
An fantastic laptop with truly fantastic quality!,positive
An sublime packaging with truly sublime quality!,positive
The delivery is super defective and flickers constantly and overheats quickly.,negative
This app deserves five stars and feels stellar.,positive
The product is available in blue and weighs 39 grams.,neutral
The app is exceptionally rude and is a complete waste of money.,negative
This customer support is full of annoying bugs and feels absolutely buggy.,negative
The camera is super tasteless and gave me a headache.,negative
The product is available in red and weighs 119 grams.,neutral
The battery backup produces exceptionally phenomenal performance!,positive
The display is super tasteless and is a complete waste of money.,negative
The performance is truly extraordinary and deserves five stars.,positive
The hotel room contains a user manual and a headphone.,neutral
The shipment to New York weighs around 65 grams.,neutral
The storyline is totally masterpiece and makes life so much easier.,positive
The product is available in white and weighs 136 grams.,neutral
The product is available in white and weighs 106 grams.,neutral
The room has incredibly clunky performance!,negative
The performance has totally buggy performance!,negative
The acting produces incredibly durable performance!,positive
The battery life is incredibly comfortable and exceeded all my expectations.,positive
This shipment gave me a headache and feels incredibly terrible.,negative
I am really unhappy with the atrocious storyline.,negative
This camera surpassed my hopes and feels super delightful.,positive
The comfort has unacceptable performance!,negative
An amazing acting with amazing quality!,positive
The hotel room contains a power adapter and a book.,neutral
An stellar food with super stellar quality!,positive
The product is available in blue and weighs 66 grams.,neutral
An terrific customer support with super terrific quality!,positive
The acting is super prompt and exceeded all my expectations.,positive
A faulty shipment with absolutely faulty quality!,negative
The product is available in blue and weighs 348 grams.,neutral
The images produces really great performance!,positive
The shipment to Mumbai weighs around 407 grams.,neutral
The product is available in silver and weighs 371 grams.,neutral
I am super happy with the great laptop.,positive
The product is available in red and weighs 247 grams.,neutral
This manual surpassed my hopes and feels completely impressive.,positive
The product is available in white and weighs 38 grams.,neutral
The shipment to Mumbai weighs around 106 grams.,neutral
The product is available in grey and weighs 76 grams.,neutral
The room has truly awful performance!,negative
I am happy with the fantastic food.,positive
The shipment to Berlin weighs around 74 grams.,neutral
This performance gave me a headache and feels truly dreadful.,negative
This phone is top quality and feels really amazing.,positive
The product is available in grey and weighs 377 grams.,neutral
The performance is abysmal and stopped working after two days.,negative
This schedule makes life so much easier and feels really impressive.,positive
The product is available in green and weighs 140 grams.,neutral
The hotel room contains a carrying case and a jacket.,neutral
A broken build quality with exceptionally broken quality!,negative
The shipment to New York weighs around 472 grams.,neutral
The shipment to Sydney weighs around 247 grams.,neutral
The product is available in red and weighs 395 grams.,neutral
The schedule is extremely superb and surpassed my hopes.,positive
The hotel room contains a double bed and a keyboard.,neutral
The images produces absolutely excellent performance!,positive
The screen is absolutely shoddy and causes constant crashes and bugs.,negative
The product is available in white and weighs 258 grams.,neutral
An unbeatable hotel with totally unbeatable quality!,positive
The food is completely phenomenal and fit true to size and feel light.,positive
I am totally happy with the awesome camera.,positive
The product is available in red and weighs 379 grams.,neutral
The service is super flawless and exceeded all my expectations.,positive
This room stopped working after two days and feels incredibly frustrating.,negative
The laptop produces incredibly wonderful performance!,positive
The images has completely atrocious performance!,negative
The camera produces truly excellent performance!,positive
The manual has incredibly abysmal performance!,negative
The shipment to Mumbai weighs around 71 grams.,neutral
I am extremely happy with the comfortable camera.,positive
The shipment to Berlin weighs around 499 grams.,neutral
The delivery produces extremely solid performance!,positive
I am super happy with the superb delivery.,positive
The hotel room contains a television and a cable.,neutral
The delivery has very substandard performance!,negative
The storyline is really exceptional and exceeded all my expectations.,positive
This battery backup broke on the first day and feels super rude.,negative
The shipment to Tokyo weighs around 188 grams.,neutral
A poor phone with incredibly poor quality!,negative
The product is available in blue and weighs 35 grams.,neutral
This product is a complete waste of money and feels absolutely flawed.,negative
The product is available in red and weighs 52 grams.,neutral
I am unhappy with the broken food.,negative
The camera produces extremely great performance!,positive
The schedule is completely tasteless and causes constant crashes and bugs.,negative
The product is available in silver and weighs 96 grams.,neutral
The shipment to Chicago weighs around 335 grams.,neutral
The product produces very great performance!,positive
I am absolutely unhappy with the disappointing build quality.,negative
The shipment to Toronto weighs around 236 grams.,neutral
The product is extremely miserable and flickers constantly and overheats quickly.,negative
The product is available in black and weighs 294 grams.,neutral
I am very unhappy with the unreliable delivery.,negative
The shipment to Berlin weighs around 365 grams.,neutral
The battery life produces really superb performance!,positive
This manual flickers constantly and overheats quickly and feels super poor.,negative
An durable comfort with extremely durable quality!,positive
I am extremely unhappy with the poor screen.,negative
The phone is super solid and is top quality.,positive
An stellar customer support with completely stellar quality!,positive
I am truly unhappy with the unhelpful service.,negative
The screen produces incredibly flawless performance!,positive
The shipment to Chicago weighs around 423 grams.,neutral
The product is available in grey and weighs 60 grams.,neutral
The flight has exceptionally unreliable performance!,negative
I am extremely unhappy with the buggy product.,negative
This build quality deserves five stars and feels absolutely solid.,positive
The phone produces exceptionally flawless performance!,positive
The storyline is incredibly prompt and works like a charm.,positive
The battery life is completely defective and is completely unhelpful and rude.,negative
A dreadful storyline with exceptionally dreadful quality!,negative
This screen is a delight to use and feels exceptionally crisp.,positive
The comfort has very unhelpful performance!,negative
An phenomenal service with phenomenal quality!,positive
The images has extremely dreadful performance!,negative
The product is available in silver and weighs 186 grams.,neutral
This build quality gave me a headache and feels exceptionally broken.,negative
The shipment to Paris weighs around 4 grams.,neutral
The storyline is exceptionally lovely and is a delight to use.,positive
The product is available in red and weighs 343 grams.,neutral
I am completely happy with the terrific meal.,positive
I am exceptionally unhappy with the defective acting.,negative
The comfort has totally faulty performance!,negative
A shoddy storyline with incredibly shoddy quality!,negative
The product is available in green and weighs 229 grams.,neutral
This images causes constant crashes and bugs and feels shoddy.,negative
The laptop is completely phenomenal and deserves five stars.,positive
The screen produces totally exceptional performance!,positive
I am super unhappy with the miserable performance.,negative
An solid packaging with very solid quality!,positive
An remarkable product with totally remarkable quality!,positive
The shipment has super defective performance!,negative
I am completely unhappy with the broken acting.,negative
This food surpassed my hopes and feels really stellar.,positive
The customer support is extremely sublime and is worth every penny.,positive
A atrocious screen with completely atrocious quality!,negative
A miserable display with miserable quality!,negative
I am completely unhappy with the disappointing shipment.,negative
The screen has unacceptable performance!,negative
The acting produces exceptionally solid performance!,positive
The product is available in grey and weighs 226 grams.,neutral
The product is available in white and weighs 118 grams.,neutral
This delivery works like a charm and feels top-notch.,positive
The shoes is super cold and is full of annoying bugs.,negative
The shipment is totally delightful and is worth every penny.,positive
I am incredibly unhappy with the awful images.,negative
This product is a complete waste of money and feels unacceptable.,negative
The shipment to New York weighs around 304 grams.,neutral
The food has really cold performance!,negative
The storyline is totally delightful and surpassed my hopes.,positive
An amazing meal with truly amazing quality!,positive
The experience produces totally durable performance!,positive
The product is available in black and weighs 275 grams.,neutral
The product is available in silver and weighs 270 grams.,neutral
A awful room with totally awful quality!,negative
A buggy acting with completely buggy quality!,negative
The product is available in blue and weighs 6 grams.,neutral
I am super unhappy with the buggy flight.,negative
An awesome meal with extremely awesome quality!,positive
A broken hotel with really broken quality!,negative
A annoying acting with absolutely annoying quality!,negative
The product produces completely durable performance!,positive
The product is available in green and weighs 372 grams.,neutral
The manual produces brilliant performance!,positive
The delivery has completely broken performance!,negative
This room gave me a headache and feels totally clunky.,negative
The performance is incredibly unhelpful and causes constant crashes and bugs.,negative
I am completely happy with the wonderful delivery.,positive
An awesome manual with awesome quality!,positive
The product is available in black and weighs 332 grams.,neutral
The shipment to New York weighs around 147 grams.,neutral
The camera is extremely first-class and is a delight to use.,positive
A frustrating acting with really frustrating quality!,negative
I am truly unhappy with the terrible battery backup.,negative
The product is available in green and weighs 168 grams.,neutral
The shipment to Berlin weighs around 18 grams.,neutral
The customer support produces very superb performance!,positive
The shoes is absolutely tasteless and gave me a headache.,negative
The shipment to New York weighs around 109 grams.,neutral
The shipment is completely first-class and is a delight to use.,positive
The hotel room contains a extra straps and a laptop.,neutral
I am truly unhappy with the abysmal customer support.,negative
I am super happy with the phenomenal hotel.,positive
This customer support is a delight to use and feels totally crisp.,positive
The shipment to London weighs around 137 grams.,neutral
An awesome shipment with truly awesome quality!,positive
The app is exceptionally unhelpful and gave me a headache.,negative
This shipment is top quality and feels incredibly exceptional.,positive
The performance is exceptionally delightful and works like a charm.,positive
I am unhappy with the defective shoes.,negative
The schedule is super atrocious and flickers constantly and overheats quickly.,negative
I am extremely unhappy with the horrible room.,negative
This experience broke on the first day and feels tasteless.,negative
The performance has very faulty performance!,negative
The shipment to New York weighs around 330 grams.,neutral
This storyline is full of annoying bugs and feels really overpriced.,negative
I am very unhappy with the faulty camera.,negative
The performance is incredibly phenomenal and is top quality.,positive
I am incredibly happy with the unbeatable shipment.,positive
The shipment has exceptionally cold performance!,negative
I am extremely happy with the terrific build quality.,positive
The flight is truly prompt and exceeded all my expectations.,positive
The packaging is truly flawed and gave me a headache.,negative
The hotel room contains a carrying case and a table.,neutral
This meal stopped working after two days and feels totally horrible.,negative
The product is available in white and weighs 180 grams.,neutral
The shipment to Sydney weighs around 167 grams.,neutral
The app has very frustrating performance!,negative
The screen is poor and stopped working after two days.,negative
The product is available in blue and weighs 417 grams.,neutral
The shipment to Tokyo weighs around 363 grams.,neutral
The product is available in silver and weighs 434 grams.,neutral
The display has extremely cold performance!,negative
An lovely customer support with absolutely lovely quality!,positive
The shipment to Mumbai weighs around 36 grams.,neutral
The shipment to Sydney weighs around 83 grams.,neutral
The meal has incredibly faulty performance!,negative
The shipment to Berlin weighs around 456 grams.,neutral
The product is available in green and weighs 329 grams.,neutral
This laptop deserves five stars and feels very excellent.,positive
The product is available in red and weighs 416 grams.,neutral
The product is available in black and weighs 56 grams.,neutral
The schedule has very shoddy performance!,negative
I am totally unhappy with the buggy app.,negative
I am completely unhappy with the atrocious hotel.,negative
The product is available in blue and weighs 158 grams.,neutral
The screen is exceptionally useless and causes constant crashes and bugs.,negative
An awesome images with very awesome quality!,positive
This meal causes constant crashes and bugs and feels extremely atrocious.,negative
The shipment to Singapore weighs around 367 grams.,neutral
The library operates from 9 AM to 8 PM on Fridays.,neutral
The images produces very comfortable performance!,positive
The shipment to Singapore weighs around 10 grams.,neutral
The acting has really tasteless performance!,negative
The shipment to Tokyo weighs around 496 grams.,neutral
The battery backup is very abysmal and is a complete waste of money.,negative
The product is available in red and weighs 387 grams.,neutral
The product is available in red and weighs 228 grams.,neutral
This acting stopped working after two days and feels really terrible.,negative
The shipment produces truly top-notch performance!,positive
The laptop is totally great and is a delight to use.,positive
This laptop exceeded all my expectations and feels truly delightful.,positive
The flight has unreliable performance!,negative
This images is top quality and feels absolutely superb.,positive
The storyline has exceptionally useless performance!,negative
This images exceeded all my expectations and feels truly brilliant.,positive
The product is available in blue and weighs 476 grams.,neutral
I am very unhappy with the atrocious customer support.,negative
This schedule broke on the first day and feels absolutely faulty.,negative
The product is available in black and weighs 154 grams.,neutral
The product is available in grey and weighs 472 grams.,neutral
This battery life broke on the first day and feels incredibly disappointing.,negative
A tasteless laptop with really tasteless quality!,negative
An unbeatable acting with super unbeatable quality!,positive
This food is a complete waste of money and feels totally defective.,negative
This storyline makes life so much easier and feels solid.,positive
I am absolutely happy with the phenomenal shoes.,positive
I am happy with the stellar camera.,positive
The build quality produces truly terrific performance!,positive
I am very unhappy with the awful meal.,negative
The hotel room contains a carrying case and a adapter.,neutral
An remarkable shipment with completely remarkable quality!,positive
The hotel room contains a charging cable and a camera.,neutral
The shipment to Sydney weighs around 228 grams.,neutral
The product is available in green and weighs 295 grams.,neutral
An sublime battery life with truly sublime quality!,positive
The product is available in silver and weighs 285 grams.,neutral
The comfort is really great and deserves five stars.,positive
The shipment to Singapore weighs around 414 grams.,neutral
The shipment to Mumbai weighs around 51 grams.,neutral
The laptop is unacceptable and flickers constantly and overheats quickly.,negative
The product is available in green and weighs 11 grams.,neutral
A substandard acting with very substandard quality!,negative
I am absolutely happy with the solid acting.,positive
This laptop exceeded all my expectations and feels totally exceptional.,positive
The shipment to Berlin weighs around 117 grams.,neutral
An comfortable acting with exceptionally comfortable quality!,positive
This images surpassed my hopes and feels truly flawless.,positive
The app is totally buggy and causes constant crashes and bugs.,negative
The manual is robust and is worth every penny.,positive
The hotel room contains a setup guide and a watch.,neutral
The library operates from 9 AM to 8 PM on Wednesdays.,neutral
I am exceptionally happy with the amazing build quality.,positive
I am really unhappy with the shoddy battery backup.,negative
The phone is absolutely awesome and runs flawlessly.,positive
The delivery produces extremely lovely performance!,positive
The product is available in green and weighs 36 grams.,neutral
The experience has incredibly flawed performance!,negative
The phone is incredibly remarkable and exceeded all my expectations.,positive
An solid hotel with exceptionally solid quality!,positive
The product is available in white and weighs 214 grams.,neutral
The acting produces extremely impressive performance!,positive
A frustrating schedule with super frustrating quality!,negative
I am absolutely unhappy with the faulty flight.,negative
The battery life is robust and runs flawlessly.,positive
I am totally happy with the great comfort.,positive
This food is a complete waste of money and feels absolutely unacceptable.,negative
The shipment to Chicago weighs around 179 grams.,neutral
The shipment to Tokyo weighs around 362 grams.,neutral
The product is available in black and weighs 31 grams.,neutral
The acting has really terrible performance!,negative
The flight produces exceptionally flawless performance!,positive
I am super unhappy with the awful flight.,negative
The shoes is absolutely phenomenal and is worth every penny.,positive
This acting causes constant crashes and bugs and feels substandard.,negative
This customer support flickers constantly and overheats quickly and feels incredibly defective.,negative
The room has completely dreadful performance!,negative
An prompt packaging with exceptionally prompt quality!,positive
The phone is exceptionally tasteless and broke on the first day.,negative
A dreadful storyline with really dreadful quality!,negative
The product is available in silver and weighs 423 grams.,neutral
The images has very shoddy performance!,negative
A annoying product with super annoying quality!,negative
The product is available in green and weighs 411 grams.,neutral
A worthless room with extremely worthless quality!,negative
The product is available in black and weighs 26 grams.,neutral
The shoes produces really amazing performance!,positive
The screen has buggy performance!,negative
The screen is absolutely terrific and is worth every penny.,positive
An phenomenal acting with completely phenomenal quality!,positive
I am extremely happy with the exceptional camera.,positive
The build quality is dreadful and is a complete waste of money.,negative
An excellent battery life with extremely excellent quality!,positive
An awesome build quality with extremely awesome quality!,positive
The performance produces completely amazing performance!,positive
A broken performance with broken quality!,negative
I am really unhappy with the horrible phone.,negative
The shipment produces totally solid performance!,positive
I am happy with the comfortable delivery.,positive
This shipment exceeded all my expectations and feels very brilliant.,positive
The shipment to Singapore weighs around 357 grams.,neutral
The performance is extremely abysmal and stopped working after two days.,negative
The shoes has incredibly buggy performance!,negative
This comfort flickers constantly and overheats quickly and feels truly broken.,negative
The product is available in green and weighs 445 grams.,neutral
The shipment to Chicago weighs around 93 grams.,neutral
The hotel room contains a carrying case and a headphone.,neutral
The shipment to New York weighs around 293 grams.,neutral
An great room with truly great quality!,positive
The product is available in blue and weighs 80 grams.,neutral
I am totally happy with the lovely battery backup.,positive
The shipment to Singapore weighs around 363 grams.,neutral
The shipment to Mumbai weighs around 469 grams.,neutral
A substandard camera with completely substandard quality!,negative
I am exceptionally happy with the flawless display.,positive
The shipment to London weighs around 43 grams.,neutral
I am absolutely unhappy with the abysmal performance.,negative
This camera gave me a headache and feels completely useless.,negative
An comfortable comfort with incredibly comfortable quality!,positive
The shipment to Sydney weighs around 348 grams.,neutral
An amazing flight with completely amazing quality!,positive
The product is available in silver and weighs 493 grams.,neutral
A cold food with absolutely cold quality!,negative
This laptop is a complete waste of money and feels absolutely worthless.,negative
This battery backup stopped working after two days and feels truly atrocious.,negative
I am exceptionally happy with the lovely shipment.,positive
This product is worth every penny and feels truly great.,positive
An durable shipment with incredibly durable quality!,positive
The battery life is extremely atrocious and is completely unhelpful and rude.,negative
The build quality produces extremely crisp performance!,positive
The hotel room contains a television and a router.,neutral
The shipment to Mumbai weighs around 52 grams.,neutral
This customer support is worth every penny and feels absolutely lovely.,positive
A worthless laptop with truly worthless quality!,negative
The product is available in silver and weighs 372 grams.,neutral
The flight has totally frustrating performance!,negative
The product is available in grey and weighs 490 grams.,neutral
The product is available in blue and weighs 312 grams.,neutral
The laptop produces incredibly top-notch performance!,positive
The customer support is exceptionally superb and is a delight to use.,positive
I am really unhappy with the annoying camera.,negative
I am really happy with the top-notch shoes.,positive
A rude product with truly rude quality!,negative
The customer support produces really prompt performance!,positive
The shipment to New York weighs around 172 grams.,neutral
I am truly unhappy with the clunky phone.,negative
The shipment to Mumbai weighs around 231 grams.,neutral
The product is available in white and weighs 400 grams.,neutral
The shipment to Paris weighs around 309 grams.,neutral
This performance flickers constantly and overheats quickly and feels totally shoddy.,negative
The shipment to London weighs around 435 grams.,neutral
This images is top quality and feels very amazing.,positive
The meal produces extremely great performance!,positive
The product is available in black and weighs 357 grams.,neutral
This hotel flickers constantly and overheats quickly and feels exceptionally disappointing.,negative
An crisp laptop with absolutely crisp quality!,positive
I am truly unhappy with the clunky storyline.,negative
I am very unhappy with the rude delivery.,negative
I am extremely happy with the lovely hotel.,positive
An flawless product with super flawless quality!,positive
This schedule deserves five stars and feels truly great.,positive
The customer support is completely wonderful and is top quality.,positive
I am really unhappy with the awful battery life.,negative
The product is available in red and weighs 268 grams.,neutral
The shipment to Chicago weighs around 357 grams.,neutral
The hotel room contains a double bed and a monitor.,neutral
The product has extremely defective performance!,negative
The hotel room contains a setup guide and a smartphone.,neutral
The delivery produces really crisp performance!,positive
The flight has incredibly buggy performance!,negative
The shipment to Singapore weighs around 390 grams.,neutral
The shipment to Chicago weighs around 150 grams.,neutral
A miserable laptop with incredibly miserable quality!,negative
This battery backup runs flawlessly and feels truly comfortable.,positive
This laptop stopped working after two days and feels completely tasteless.,negative
An sublime acting with totally sublime quality!,positive
An incredible delivery with totally incredible quality!,positive
I am truly unhappy with the atrocious manual.,negative
The hotel room contains a charging cable and a table.,neutral
A disappointing packaging with completely disappointing quality!,negative
The hotel produces completely sublime performance!,positive
The product is available in green and weighs 402 grams.,neutral
The product is available in blue and weighs 240 grams.,neutral
I am absolutely happy with the delightful images.,positive
An brilliant app with exceptionally brilliant quality!,positive
I am exceptionally unhappy with the broken customer support.,negative
The room has completely useless performance!,negative
The screen is incredibly superb and runs flawlessly.,positive
This app is a delight to use and feels very stellar.,positive
An incredible display with extremely incredible quality!,positive
The shipment to Mumbai weighs around 487 grams.,neutral
The product is available in blue and weighs 492 grams.,neutral
The product is available in white and weighs 87 grams.,neutral
This product runs flawlessly and feels extremely sublime.,positive
The product is available in white and weighs 428 grams.,neutral
The shipment to Chicago weighs around 299 grams.,neutral
The shipment to London weighs around 240 grams.,neutral
The room produces absolutely robust performance!,positive
The product is available in silver and weighs 417 grams.,neutral
I am exceptionally happy with the excellent room.,positive
The product is available in green and weighs 436 grams.,neutral
An prompt laptop with truly prompt quality!,positive
The shipment to London weighs around 335 grams.,neutral
This storyline runs flawlessly and feels exceptionally terrific.,positive
The customer support has totally abysmal performance!,negative
The hotel room contains a user manual and a keyboard.,neutral
The acting produces incredibly flawless performance!,positive
The experience produces absolutely stellar performance!,positive
The product is available in blue and weighs 100 grams.,neutral
The shipment is totally terrific and is a delight to use.,positive
I am happy with the first-class packaging.,positive
The build quality is abysmal and causes constant crashes and bugs.,negative
The product is available in white and weighs 449 grams.,neutral
The product is available in red and weighs 286 grams.,neutral
The hotel is absolutely robust and deserves five stars.,positive
This schedule causes constant crashes and bugs and feels flawed.,negative
The battery life produces really unbeatable performance!,positive
The product is available in silver and weighs 478 grams.,neutral
The packaging has awful performance!,negative
This laptop is worth every penny and feels truly awesome.,positive
The product is available in white and weighs 407 grams.,neutral
The laptop is extremely tasteless and gave me a headache.,negative
The camera is incredibly flawless and makes life so much easier.,positive
The app is incredibly unreliable and stopped working after two days.,negative
I am incredibly unhappy with the faulty packaging.,negative
An terrific camera with really terrific quality!,positive
The camera is exceptionally prompt and is top quality.,positive
This flight makes life so much easier and feels really robust.,positive
This food fit true to size and feel light and feels exceptionally fantastic.,positive
An solid hotel with extremely solid quality!,positive
The laptop produces truly incredible performance!,positive
The screen has cold performance!,negative
The shipment to Paris weighs around 147 grams.,neutral
The camera has completely unacceptable performance!,negative
The product is available in black and weighs 251 grams.,neutral
This delivery broke on the first day and feels incredibly tasteless.,negative
An brilliant service with incredibly brilliant quality!,positive
The shipment to London weighs around 316 grams.,neutral
I am unhappy with the abysmal service.,negative
The package arrived on Sunday morning.,neutral
The shipment to Toronto weighs around 143 grams.,neutral
The shipment to Paris weighs around 428 grams.,neutral
The hotel room contains a user manual and a chair.,neutral
An superb customer support with super superb quality!,positive
I am super happy with the unbeatable comfort.,positive
The hotel room contains a double bed and a watch.,neutral
The product is available in grey and weighs 460 grams.,neutral
A worthless customer support with extremely worthless quality!,negative
The shipment to Berlin weighs around 150 grams.,neutral
This service flickers constantly and overheats quickly and feels incredibly buggy.,negative
This laptop surpassed my hopes and feels super impressive.,positive
The laptop is super unhelpful and stopped working after two days.,negative
An durable product with extremely durable quality!,positive
The battery life is really disappointing and flickers constantly and overheats quickly.,negative
The shipment to Sydney weighs around 173 grams.,neutral
The shipment to Chicago weighs around 124 grams.,neutral
The product is available in black and weighs 192 grams.,neutral
An robust comfort with completely robust quality!,positive
The product is available in black and weighs 285 grams.,neutral
An remarkable app with completely remarkable quality!,positive
The shipment to Paris weighs around 459 grams.,neutral
The shipment to Chicago weighs around 28 grams.,neutral
This customer support fit true to size and feel light and feels extremely remarkable.,positive
The product is available in white and weighs 93 grams.,neutral
The food is extraordinary and surpassed my hopes.,positive
An flawless experience with flawless quality!,positive
The product is available in black and weighs 158 grams.,neutral
This delivery causes constant crashes and bugs and feels incredibly atrocious.,negative
A unhelpful screen with absolutely unhelpful quality!,negative
The schedule has super shoddy performance!,negative
The packaging is very prompt and exceeded all my expectations.,positive
This screen runs flawlessly and feels absolutely excellent.,positive
The shipment to Paris weighs around 296 grams.,neutral
The delivery is dreadful and is full of annoying bugs.,negative
This shoes is a complete waste of money and feels extremely unreliable.,negative
An superb meal with very superb quality!,positive
The food is really terrible and is completely unhelpful and rude.,negative
The shipment to New York weighs around 212 grams.,neutral
I am super unhappy with the flawed hotel.,negative
This experience is completely unhelpful and rude and feels extremely overpriced.,negative
This delivery gave me a headache and feels extremely poor.,negative
An exceptional battery life with exceptionally exceptional quality!,positive
An solid screen with completely solid quality!,positive
The shipment to New York weighs around 419 grams.,neutral
I am exceptionally happy with the superb build quality.,positive
The product is available in blue and weighs 143 grams.,neutral
This app stopped working after two days and feels completely abysmal.,negative
A flawed shoes with really flawed quality!,negative
A useless acting with useless quality!,negative
The product is available in blue and weighs 374 grams.,neutral
The experience is exceptionally broken and is completely unhelpful and rude.,negative
The customer support is completely lovely and is top quality.,positive
The meal is exceptionally awful and gave me a headache.,negative
The comfort has buggy performance!,negative
The meal is exceptionally durable and exceeded all my expectations.,positive
The flight produces exceptionally incredible performance!,positive
An comfortable flight with extremely comfortable quality!,positive
A faulty flight with absolutely faulty quality!,negative
A awful delivery with extremely awful quality!,negative
The product is available in blue and weighs 153 grams.,neutral
The shipment to Paris weighs around 222 grams.,neutral
A worthless packaging with worthless quality!,negative
The product is available in black and weighs 75 grams.,neutral
The room produces solid performance!,positive
The experience has completely worthless performance!,negative
The room is totally top-notch and deserves five stars.,positive
This laptop is a delight to use and feels absolutely fantastic.,positive
This manual is completely unhelpful and rude and feels exceptionally faulty.,negative
The build quality produces lovely performance!,positive
I am truly happy with the unbeatable shipment.,positive
The hotel room contains a double bed and a chair.,neutral
The product is available in silver and weighs 35 grams.,neutral
The comfort is super comfortable and fit true to size and feel light.,positive
The phone has exceptionally atrocious performance!,negative
The room has very flawed performance!,negative
I am very unhappy with the broken app.,negative
The storyline is incredibly clunky and stopped working after two days.,negative
The product is available in green and weighs 268 grams.,neutral
The product is available in silver and weighs 437 grams.,neutral
The product is available in green and weighs 325 grams.,neutral
A shoddy storyline with absolutely shoddy quality!,negative
This flight causes constant crashes and bugs and feels truly unreliable.,negative
The product is available in black and weighs 197 grams.,neutral
An sublime images with totally sublime quality!,positive
I am totally unhappy with the cold comfort.,negative
This display works like a charm and feels incredibly wonderful.,positive
I am exceptionally happy with the unbeatable food.,positive
The experience is unreliable and is completely unhelpful and rude.,negative
I am super unhappy with the cold acting.,negative
I am extremely unhappy with the broken product.,negative
This service flickers constantly and overheats quickly and feels really horrible.,negative
The battery backup has broken performance!,negative
The product is available in grey and weighs 299 grams.,neutral
The hotel is impressive and is top quality.,positive
The comfort is totally unacceptable and flickers constantly and overheats quickly.,negative
The display has totally worthless performance!,negative
This packaging is worth every penny and feels super outstanding.,positive
The phone is exceptionally clunky and is a complete waste of money.,negative
I am really happy with the first-class camera.,positive
I am totally happy with the extraordinary storyline.,positive
A worthless build quality with extremely worthless quality!,negative
I am totally happy with the remarkable laptop.,positive
This shipment fit true to size and feel light and feels super amazing.,positive
The shipment to Chicago weighs around 474 grams.,neutral
This comfort gave me a headache and feels totally useless.,negative
The hotel room contains a power adapter and a smartphone.,neutral
The customer support produces truly wonderful performance!,positive
This hotel is completely unhelpful and rude and feels super abysmal.,negative
The shipment to Toronto weighs around 229 grams.,neutral
The build quality is truly unhelpful and broke on the first day.,negative
The product is available in black and weighs 453 grams.,neutral
A overpriced packaging with overpriced quality!,negative
I am exceptionally happy with the exceptional product.,positive
The hotel room contains a extra straps and a adapter.,neutral
The laptop is totally substandard and causes constant crashes and bugs.,negative
This product fit true to size and feel light and feels completely exceptional.,positive
The shipment to Berlin weighs around 30 grams.,neutral
The shipment to Sydney weighs around 323 grams.,neutral
A unhelpful display with really unhelpful quality!,negative
An awesome service with awesome quality!,positive
An first-class images with extremely first-class quality!,positive
A cold images with completely cold quality!,negative
The packaging produces truly delightful performance!,positive
The product is available in grey and weighs 456 grams.,neutral
An masterpiece build quality with very masterpiece quality!,positive
An durable shoes with truly durable quality!,positive
This phone stopped working after two days and feels absolutely cold.,negative
This display is a complete waste of money and feels extremely dreadful.,negative
The product is available in grey and weighs 311 grams.,neutral
An great schedule with incredibly great quality!,positive
The images has atrocious performance!,negative
The room is extremely tasteless and flickers constantly and overheats quickly.,negative
The room is truly robust and is a delight to use.,positive
I am totally happy with the sublime comfort.,positive
A annoying images with annoying quality!,negative
The screen is absolutely incredible and is top quality.,positive
This flight gave me a headache and feels very buggy.,negative
The screen has super annoying performance!,negative
A flawed flight with totally flawed quality!,negative
The build quality produces absolutely solid performance!,positive
I am unhappy with the overpriced camera.,negative
A dreadful manual with totally dreadful quality!,negative
The camera is super clunky and gave me a headache.,negative
The shipment to Toronto weighs around 407 grams.,neutral
The app is totally excellent and deserves five stars.,positive
I am unhappy with the faulty battery life.,negative
The package arrived on Thursday morning.,neutral
The shipment to Mumbai weighs around 266 grams.,neutral
I am completely happy with the fantastic customer support.,positive
The battery backup is exceptionally lovely and surpassed my hopes.,positive
I am very happy with the terrific food.,positive
The delivery has super annoying performance!,negative
The manual is super phenomenal and surpassed my hopes.,positive
The customer support has very defective performance!,negative
The shipment to Tokyo weighs around 487 grams.,neutral
The shipment to London weighs around 248 grams.,neutral
I am super happy with the fantastic phone.,positive
An solid app with super solid quality!,positive
An incredible laptop with really incredible quality!,positive
This images makes life so much easier and feels absolutely unbeatable.,positive
The acting produces totally top-notch performance!,positive
An durable display with exceptionally durable quality!,positive
A shoddy room with really shoddy quality!,negative
An terrific manual with truly terrific quality!,positive
The product is available in grey and weighs 367 grams.,neutral
I am incredibly happy with the remarkable shipment.,positive
The product is available in silver and weighs 50 grams.,neutral
The shipment to New York weighs around 135 grams.,neutral
The laptop is totally exceptional and is top quality.,positive
This manual works like a charm and feels super masterpiece.,positive
The product is available in white and weighs 479 grams.,neutral
The flight has incredibly tasteless performance!,negative
I am very unhappy with the shoddy flight.,negative
A disappointing comfort with extremely disappointing quality!,negative
The camera is really crisp and surpassed my hopes.,positive
The product is available in red and weighs 153 grams.,neutral
An awesome schedule with exceptionally awesome quality!,positive
The hotel room contains a charging cable and a shirt.,neutral
This camera stopped working after two days and feels overpriced.,negative
The shipment to Paris weighs around 96 grams.,neutral
I am totally happy with the great laptop.,positive
This screen works like a charm and feels extraordinary.,positive
I am very unhappy with the faulty storyline.,negative
The food has absolutely tasteless performance!,negative
This phone is top quality and feels really crisp.,positive
The shipment to Tokyo weighs around 386 grams.,neutral
The hotel has extremely unreliable performance!,negative
The flight has truly unhelpful performance!,negative
The shipment to London weighs around 414 grams.,neutral
The service produces excellent performance!,positive
The hotel room contains a extra straps and a table.,neutral
I am happy with the prompt customer support.,positive
A unreliable experience with super unreliable quality!,negative
I am super happy with the extraordinary images.,positive
The hotel room contains a double bed and a cable.,neutral
I am incredibly happy with the masterpiece hotel.,positive
A rude packaging with very rude quality!,negative
The product is available in blue and weighs 262 grams.,neutral
This images runs flawlessly and feels exceptionally comfortable.,positive
The product is available in silver and weighs 16 grams.,neutral
The schedule produces incredibly outstanding performance!,positive
The shipment to Mumbai weighs around 184 grams.,neutral
The app produces really terrific performance!,positive
This product is top quality and feels super stellar.,positive
The shoes has incredibly flawed performance!,negative
An comfortable shoes with exceptionally comfortable quality!,positive
An delightful food with delightful quality!,positive
The experience is super poor and causes constant crashes and bugs.,negative
I am really unhappy with the buggy meal.,negative
I am incredibly happy with the comfortable comfort.,positive
I am completely happy with the amazing schedule.,positive
I am super unhappy with the annoying shoes.,negative
The food is super faulty and is full of annoying bugs.,negative
This app makes life so much easier and feels truly terrific.,positive
The product is available in green and weighs 34 grams.,neutral
I am very unhappy with the unreliable app.,negative
The storyline produces totally outstanding performance!,positive
This schedule is completely unhelpful and rude and feels very poor.,negative
This food is a delight to use and feels extremely terrific.,positive
I am completely unhappy with the clunky customer support.,negative
The manual has extremely awful performance!,negative
The shipment to Mumbai weighs around 276 grams.,neutral
This manual is top quality and feels super unbeatable.,positive
The product is available in grey and weighs 5 grams.,neutral
The meal has extremely frustrating performance!,negative
The product is available in black and weighs 381 grams.,neutral
This flight fit true to size and feel light and feels solid.,positive
An lovely service with exceptionally lovely quality!,positive
A disappointing room with truly disappointing quality!,negative
The screen is very flawless and is worth every penny.,positive
This battery life deserves five stars and feels exceptionally masterpiece.,positive
I am absolutely unhappy with the buggy build quality.,negative
The product is available in grey and weighs 310 grams.,neutral
A tasteless customer support with exceptionally tasteless quality!,negative
The product is available in grey and weighs 179 grams.,neutral
The phone is extremely impressive and fit true to size and feel light.,positive
The product is available in red and weighs 115 grams.,neutral
I am absolutely happy with the solid manual.,positive
The shipment to Berlin weighs around 362 grams.,neutral
The product is available in grey and weighs 176 grams.,neutral
The acting is totally amazing and is worth every penny.,positive
The product is available in silver and weighs 326 grams.,neutral
I am really happy with the superb acting.,positive
I am truly happy with the phenomenal storyline.,positive
The shipment to Tokyo weighs around 17 grams.,neutral
A frustrating comfort with super frustrating quality!,negative
An prompt shoes with totally prompt quality!,positive
The product is available in red and weighs 370 grams.,neutral
The build quality produces totally exceptional performance!,positive
An wonderful experience with really wonderful quality!,positive
The customer support produces totally stellar performance!,positive
The product is available in black and weighs 438 grams.,neutral
I am very unhappy with the horrible customer support.,negative
The product has awful performance!,negative
The acting is incredibly broken and causes constant crashes and bugs.,negative
A atrocious packaging with super atrocious quality!,negative
The shipment to Tokyo weighs around 124 grams.,neutral
The laptop is totally frustrating and broke on the first day.,negative
This meal is a complete waste of money and feels super flawed.,negative
The shipment to Berlin weighs around 152 grams.,neutral
The shipment to Berlin weighs around 222 grams.,neutral
The product is available in silver and weighs 457 grams.,neutral
The acting is super faulty and flickers constantly and overheats quickly.,negative
A horrible app with really horrible quality!,negative
I am extremely unhappy with the unacceptable comfort.,negative
An durable screen with super durable quality!,positive
This product flickers constantly and overheats quickly and feels truly disappointing.,negative
The battery life has extremely cold performance!,negative
A miserable storyline with incredibly miserable quality!,negative
The delivery is truly comfortable and fit true to size and feel light.,positive
I am incredibly unhappy with the rude display.,negative
An phenomenal comfort with completely phenomenal quality!,positive
This shoes stopped working after two days and feels totally miserable.,negative
This phone is worth every penny and feels exceptionally phenomenal.,positive
This display fit true to size and feel light and feels totally incredible.,positive
The product is available in black and weighs 208 grams.,neutral
I am very unhappy with the annoying battery backup.,negative
The shipment to New York weighs around 364 grams.,neutral
This customer support is top quality and feels totally brilliant.,positive
The hotel room contains a charging cable and a monitor.,neutral
The phone is truly unbeatable and deserves five stars.,positive
The screen is truly worthless and flickers constantly and overheats quickly.,negative
The shipment to Berlin weighs around 241 grams.,neutral
The schedule is truly impressive and deserves five stars.,positive
The shipment to Chicago weighs around 229 grams.,neutral
I am very unhappy with the tasteless flight.,negative
The meal has exceptionally substandard performance!,negative
This product stopped working after two days and feels completely poor.,negative
The shipment to London weighs around 317 grams.,neutral
The shipment to Singapore weighs around 398 grams.,neutral
The product is available in red and weighs 148 grams.,neutral
The product is available in silver and weighs 265 grams.,neutral
The product is available in white and weighs 148 grams.,neutral
The display has very tasteless performance!,negative
This images exceeded all my expectations and feels absolutely comfortable.,positive
The product is available in grey and weighs 447 grams.,neutral
The food produces incredibly prompt performance!,positive
The shipment to Toronto weighs around 209 grams.,neutral
The customer support is super substandard and is full of annoying bugs.,negative
The experience is super substandard and broke on the first day.,negative
The performance is super sublime and is worth every penny.,positive
An great schedule with really great quality!,positive
A unacceptable app with very unacceptable quality!,negative
This build quality flickers constantly and overheats quickly and feels truly horrible.,negative
An great manual with extremely great quality!,positive
A shoddy hotel with absolutely shoddy quality!,negative
The product is available in black and weighs 382 grams.,neutral
The shipment to Toronto weighs around 118 grams.,neutral
The product is available in green and weighs 224 grams.,neutral
The shipment to London weighs around 59 grams.,neutral
This camera is a delight to use and feels totally lovely.,positive
The packaging produces extremely superb performance!,positive
I am completely unhappy with the substandard delivery.,negative
I am exceptionally unhappy with the annoying battery life.,negative
I am truly unhappy with the buggy phone.,negative
The room is incredibly defective and is full of annoying bugs.,negative
The images has absolutely unreliable performance!,negative
The package arrived on Saturday morning.,neutral
An durable food with super durable quality!,positive
The hotel room contains a television and a adapter.,neutral
The shipment to Chicago weighs around 439 grams.,neutral
This storyline is full of annoying bugs and feels very unacceptable.,negative
The shipment to London weighs around 184 grams.,neutral
The service is very stellar and is top quality.,positive
The laptop is really terrible and is completely unhelpful and rude.,negative
An awesome battery life with incredibly awesome quality!,positive
The hotel room contains a setup guide and a jacket.,neutral
A poor meal with extremely poor quality!,negative
The product is available in white and weighs 31 grams.,neutral
The product is available in white and weighs 182 grams.,neutral
The shipment to Paris weighs around 438 grams.,neutral
The hotel room contains a power adapter and a watch.,neutral
I am really unhappy with the disappointing shipment.,negative
The product is available in grey and weighs 332 grams.,neutral
The product is available in silver and weighs 103 grams.,neutral
I am really happy with the delightful room.,positive
An outstanding display with super outstanding quality!,positive
The laptop produces super brilliant performance!,positive
The shipment to Toronto weighs around 132 grams.,neutral
The product is available in green and weighs 148 grams.,neutral
This service broke on the first day and feels extremely buggy.,negative
I am absolutely happy with the comfortable room.,positive
The shipment to Tokyo weighs around 314 grams.,neutral
I am very happy with the robust camera.,positive
An top-notch flight with totally top-notch quality!,positive
This shipment broke on the first day and feels super flawed.,negative
I am super happy with the outstanding hotel.,positive
I am unhappy with the disappointing room.,negative
The product produces completely amazing performance!,positive
This images deserves five stars and feels completely prompt.,positive
The hotel room contains a warranty card and a smartphone.,neutral
The shipment to Paris weighs around 182 grams.,neutral
The shipment to Toronto weighs around 46 grams.,neutral
The product is available in green and weighs 175 grams.,neutral
I am incredibly happy with the prompt shipment.,positive
An durable build quality with exceptionally durable quality!,positive
The shipment to Mumbai weighs around 426 grams.,neutral
An stellar flight with truly stellar quality!,positive
The product is available in grey and weighs 325 grams.,neutral
The meal produces truly great performance!,positive
The manual has substandard performance!,negative
This acting broke on the first day and feels very buggy.,negative
The library operates from 9 AM to 8 PM on Sundays.,neutral
The laptop has annoying performance!,negative
The shipment is super horrible and is completely unhelpful and rude.,negative
The shipment to Singapore weighs around 377 grams.,neutral
The shipment to Tokyo weighs around 421 grams.,neutral
I am very happy with the extraordinary service.,positive
The experience is extremely prompt and makes life so much easier.,positive
The schedule is totally extraordinary and is worth every penny.,positive
The performance produces very unbeatable performance!,positive
An remarkable acting with absolutely remarkable quality!,positive
The product is available in black and weighs 228 grams.,neutral
This schedule fit true to size and feel light and feels totally top-notch.,positive
I am very unhappy with the annoying comfort.,negative
A tasteless phone with really tasteless quality!,negative
The battery life is very exceptional and fit true to size and feel light.,positive
The room is totally great and is top quality.,positive
The shipment to Mumbai weighs around 157 grams.,neutral
The hotel room contains a setup guide and a adapter.,neutral
This storyline is worth every penny and feels really solid.,positive
This product is top quality and feels extremely crisp.,positive
An delightful packaging with super delightful quality!,positive
An stellar display with really stellar quality!,positive
The shipment to New York weighs around 54 grams.,neutral
The images produces super brilliant performance!,positive
I am extremely happy with the impressive phone.,positive
The hotel is absolutely clunky and is a complete waste of money.,negative
The packaging has extremely substandard performance!,negative
The storyline has absolutely awful performance!,negative
The performance has absolutely clunky performance!,negative
The shipment to Chicago weighs around 405 grams.,neutral
The shipment to Sydney weighs around 287 grams.,neutral
The images produces super wonderful performance!,positive
This battery life surpassed my hopes and feels absolutely durable.,positive
I am very happy with the unbeatable experience.,positive
The shipment to Chicago weighs around 115 grams.,neutral
The display is incredibly incredible and makes life so much easier.,positive
A tasteless service with truly tasteless quality!,negative
The product is available in black and weighs 390 grams.,neutral
The product is available in silver and weighs 82 grams.,neutral
The shipment to Berlin weighs around 477 grams.,neutral
I am exceptionally unhappy with the unacceptable schedule.,negative
The shipment to Berlin weighs around 483 grams.,neutral
A dreadful storyline with absolutely dreadful quality!,negative
An lovely shipment with very lovely quality!,positive
I am totally unhappy with the tasteless packaging.,negative
I am completely happy with the top-notch meal.,positive
I am absolutely happy with the solid experience.,positive
The product is available in green and weighs 25 grams.,neutral
The shipment to Tokyo weighs around 324 grams.,neutral
I am super unhappy with the annoying schedule.,negative
The acting produces super delightful performance!,positive
The hotel room contains a television and a laptop.,neutral
The shipment to Singapore weighs around 137 grams.,neutral
The storyline has extremely unacceptable performance!,negative
An fantastic battery backup with truly fantastic quality!,positive
I am super happy with the stellar experience.,positive
The delivery is truly miserable and stopped working after two days.,negative
A unhelpful schedule with unhelpful quality!,negative
I am completely happy with the extraordinary app.,positive
This meal exceeded all my expectations and feels completely extraordinary.,positive
The hotel room contains a power adapter and a jacket.,neutral
The shipment to Paris weighs around 167 grams.,neutral
The shipment has very unacceptable performance!,negative
The shipment to London weighs around 1 grams.,neutral
The comfort produces absolutely outstanding performance!,positive
The product is available in black and weighs 311 grams.,neutral
The room is totally crisp and is top quality.,positive
The product is available in white and weighs 22 grams.,neutral
The acting produces really awesome performance!,positive
The product is available in grey and weighs 454 grams.,neutral
The shipment to Chicago weighs around 108 grams.,neutral
The acting has super awful performance!,negative
The schedule is incredibly robust and works like a charm.,positive
The hotel room contains a charging cable and a laptop.,neutral
The phone is completely sublime and is worth every penny.,positive
This schedule stopped working after two days and feels incredibly horrible.,negative
The app has completely flawed performance!,negative
The customer support is absolutely disappointing and is a complete waste of money.,negative
A shoddy battery life with exceptionally shoddy quality!,negative
The hotel room contains a warranty card and a camera.,neutral
The product is available in blue and weighs 44 grams.,neutral
I am totally happy with the crisp product.,positive
I am really happy with the amazing flight.,positive
The hotel has very flawed performance!,negative
The food has totally unacceptable performance!,negative
The phone produces totally exceptional performance!,positive
The room produces very excellent performance!,positive
A unacceptable delivery with completely unacceptable quality!,negative
The shipment to New York weighs around 195 grams.,neutral
The shipment to London weighs around 159 grams.,neutral
This delivery is a complete waste of money and feels exceptionally frustrating.,negative
The product is available in black and weighs 175 grams.,neutral
A tasteless images with super tasteless quality!,negative
I am incredibly unhappy with the poor service.,negative
The service has exceptionally dreadful performance!,negative
The shipment to New York weighs around 279 grams.,neutral
The shipment to Sydney weighs around 45 grams.,neutral
This manual is a complete waste of money and feels exceptionally unreliable.,negative
The shipment to Mumbai weighs around 186 grams.,neutral
The schedule has super unreliable performance!,negative
The shipment to Chicago weighs around 74 grams.,neutral
I am really unhappy with the poor performance.,negative
This app makes life so much easier and feels absolutely amazing.,positive
The customer support produces incredibly crisp performance!,positive
The shipment to Toronto weighs around 131 grams.,neutral
The hotel room contains a carrying case and a laptop.,neutral
A disappointing packaging with exceptionally disappointing quality!,negative
The delivery is totally phenomenal and works like a charm.,positive
The hotel room contains a setup guide and a camera.,neutral
The hotel room contains a setup guide and a laptop.,neutral
The storyline is absolutely durable and deserves five stars.,positive
The flight produces really delightful performance!,positive
An incredible storyline with incredible quality!,positive
The flight produces very first-class performance!,positive
The storyline is completely clunky and is a complete waste of money.,negative
An crisp flight with totally crisp quality!,positive
The storyline is completely terrible and stopped working after two days.,negative
The product is available in silver and weighs 360 grams.,neutral
The product is available in grey and weighs 47 grams.,neutral
The screen is completely rude and is full of annoying bugs.,negative
The product is available in black and weighs 316 grams.,neutral
A annoying flight with totally annoying quality!,negative
This display gave me a headache and feels incredibly unreliable.,negative
An wonderful phone with very wonderful quality!,positive
The product is available in red and weighs 79 grams.,neutral
An top-notch shipment with very top-notch quality!,positive
The shipment to London weighs around 251 grams.,neutral
The shipment to New York weighs around 197 grams.,neutral
The comfort is terrible and is a complete waste of money.,negative
The shipment to New York weighs around 89 grams.,neutral
This schedule broke on the first day and feels extremely terrible.,negative
The shipment to London weighs around 320 grams.,neutral
The battery backup is incredibly fantastic and makes life so much easier.,positive
I am really unhappy with the cold food.,negative
This phone stopped working after two days and feels very worthless.,negative
This battery life fit true to size and feel light and feels solid.,positive
The images is extremely comfortable and runs flawlessly.,positive
An lovely customer support with lovely quality!,positive
I am incredibly unhappy with the annoying shoes.,negative
The screen has broken performance!,negative
The shipment to Paris weighs around 30 grams.,neutral
The shipment to New York weighs around 320 grams.,neutral
The room has exceptionally buggy performance!,negative
This display works like a charm and feels absolutely first-class.,positive
The shipment to Paris weighs around 374 grams.,neutral
This schedule exceeded all my expectations and feels great.,positive
The app produces really excellent performance!,positive
The shipment to New York weighs around 104 grams.,neutral
The delivery has extremely annoying performance!,negative
An excellent hotel with incredibly excellent quality!,positive
The schedule is really worthless and causes constant crashes and bugs.,negative
The acting is completely abysmal and is a complete waste of money.,negative
The screen is super frustrating and is a complete waste of money.,negative
A defective food with incredibly defective quality!,negative
The hotel room contains a user manual and a adapter.,neutral
This food runs flawlessly and feels extremely durable.,positive
The shipment to Paris weighs around 261 grams.,neutral
The images is totally durable and surpassed my hopes.,positive
This images fit true to size and feel light and feels exceptionally brilliant.,positive
This room causes constant crashes and bugs and feels extremely abysmal.,negative
The shipment to London weighs around 218 grams.,neutral
I am completely happy with the comfortable product.,positive
The flight is robust and makes life so much easier.,positive
The flight has completely abysmal performance!,negative
The food produces extremely sublime performance!,positive
This laptop makes life so much easier and feels super terrific.,positive
